바이그램,빈도
포켓샐러드,29
샐러드배달,24
그린샐러드,22
배달다이어트,15
다이어트그린,15
샐러드가지,13
점심배달,7
배달직장인,6
배달포케,6
포케다이어트식단,6
배달다이어트식단,6
다이어트식단그린,6
직장인아침,5
네이버단백,5
단백직장인,5
직장인많다,5
직장인점심,4
아침점심,4
많다직장인,3
편의점점심,3
샐러드맛보기,3
맛보기배달,3
블랙컨슈머,3
컨슈머다이어트,3
점심저당,3
저당지방,3
아침식사점심,3
배달저녁,3
저녁직장인,3
점심단백질,2
배달단백질,2
밥상직장인,2
배달아침식사,2
샐러드집중,2
집중관리,2
관리샐러드,2
샐러드다이어트식단,2
다이어트식단점심,2
점심샐러드,2
비화발열,2
발열전투식량,2
체중조절,2
시즌단지,2
단지단백질,2
단백질반찬,2
반찬아침식사,2
아침편의점,1
단백질블랙,1
블랙라인,1
많다가슴,1
가슴배달,1
단백질편의점,1
편의점감탄,1
많다반찬,1
반찬직장인,1
직장인편의점,1
현미밥상,1
점심다이어트,1
다이어트관리,1
개월관리,1
관리린지,1
린지비용,1
비용환급,1
환급돈버,1
돈버관리,1
스푼맛있다,1
맛있다다이어트,1
다이어트고기,1
고기많다,1
많다배달,1
완벽하다밥상,1
점심관리,1
많다점심,1
아침식사매일,1
매일저녁식사,1
많다단백질,1
단백질직장인,1
점심아침식사,1
아침식사저녁,1
저녁배달,1
직장인반찬,1
반찬편의점,1
단백질컵밥,1
아침식사많다,1
직장인주문,1
주문서울,1
점심반찬,1
반찬배달,1
아침저녁,1
저녁편의점,1
많다볶음밥,1
볶음밥컵밥,1
컵밥점심,1
점심아침,1
아침저녁식사,1
저녁식사배달,1
홀리셔스,1
셔스샐러드,1
샐러드키트,1
키트야채,1
