트라이그램,빈도
천안아산샐러드,4
배달새벽데이,3
새벽데이정기권,3
식스단백질단백,3
단백질단백직장인,3
단백직장인배달,3
대전세종계룡,3
샐러드구역부산,3
구역부산양산,3
부산양산샐러드,3
양산샐러드새벽,3
코스샐러드유러,2
샐러드유러피안,2
유러피안야채,2
샐러드배달새벽,2
풀럽잇샐러드코스,2
샐러드코스월수,2
코스월수새벽,2
월수새벽균형,2
포켓샐러드배달,2
세종계룡샐러드,2
계룡샐러드패키지,2
포케샐러드아침,2
배달주문매일,2
주문매일서울,2
샐러드패키지노화,1
패키지노화배달,1
노화배달새벽,1
새벽데이월요일,1
데이월요일목요일,1
샐러드배달야채,1
배달야채샐러드,1
야채샐러드월화,1
세종계룡바오프,1
계룡바오프레쉬,1
바오프레쉬샐러드,1
레쉬샐러드배달,1
샐러드배달체험판,1
샐러드배달다이어트식단,1
배달다이어트식단그린,1
다이어트식단그린샐러드,1
샐러드배달다이어트,1
배달다이어트그린,1
다이어트그린샐러드,1
그린샐러드가지,1
샐러드패키지새벽,1
패키지새벽배달,1
샐러드패키지다이어트,1
패키지다이어트새벽,1
샐러드패키지배달,1
패키지배달노화,1
배달노화새벽,1
노화새벽데이,1
샐러드아침야채,1
아침야채유러,1
야채유러피안,1
유러피안배달,1
피안배달주문,1
매일서울천안,1
서울천안원주,1
샐러드아침점심,1
아침점심새벽,1
점심새벽야채,1
새벽야채가슴,1
야채가슴배달,1
가슴배달주문,1
매일서울세종,1
세종대전샐러드,1
대전샐러드코스,1
샐러드코스다르다,1
한식파스타블랙,1
파스타블랙컨슈머,1
블랙컨슈머다이어트,1
컨슈머다이어트한식,1
다이어트한식파스타,1
한식파스타배달,1
파스타배달직장인,1
배달직장인아침,1
직장인아침점심,1
아침점심저당,1
점심저당지방,1
체험맛보기샐러드,1
맛보기샐러드가슴,1
샐러드가슴배달,1
단백질투고많다,1
투고많다부채살,1
많다부채살등심,1
부채살등심비프,1
등심비프함박,1
비프함박포크,1
함박포크함박,1
부채살스테이크김치볶음밥,1
스테이크김치볶음밥단백질,1
김치볶음밥단백질많다,1
단백질많다다이어트,1
많다다이어트직장인,1
