상품명,상품가(원),배송비(원),총가격(원)=상품가+배송비,1개당 가격 = 1개 가격 + 배송비,리뷰수,평점,별점(5점만점),리뷰가중치_new,평점가중값,가중평점_new,단가(원)_사용자,가치점수_new(단가기준),가치점수_new(0~100),,
블랙컨슈머 다이어트 체중조절식 도시락 렌틸콩밥엔 오징어볶음 외 28종 간편 냉동 배달 직장인 아침 점심 저염 저당 저지방 식단,3900,3900,7800,7800,1505,4.9,4.9/5,0.4,0.9604,0.38416,24000,1.60E-05,18.32378172,,
[그래밀] 부채살 소고기 밀키트 저당 지중해식 건강 도시락,8900,0,8900,8900,233,4.61,4.61/5,0.3,0.850084,0.2550252,9700,2.63E-05,30.09716375,,
직장인 냉동도시락 비건 다이어트 산채 비빔밥 유기농 도시락,6000,3000,9000,9000,73,4.74,4.74/5,0.2,0.898704,0.1797408,4483.333333,4.01E-05,45.89441616,,
헤비로버 어셈블 남자 벌크업 도시락 510g 양많은 탄단지 단백질 남편 냉동 다이어트 식단,8900,5000,13900,13900,992,4.81,4.81/5,0.4,0.925444,0.3701776,4650,7.96E-05,91.13210275,," 9,500–10,500원 밴드 내"
전복톳밥 & 가사리된장국 1인분 500g,10900,3000,13900,13900,583,4.84,4.84/5,0.4,0.937024,0.3748096,8050,4.66E-05,53.300224,,"하한: 9,799원/개"
"[2주 식단관리 챌린지 + 일 최대 환급 8,000원] 돈버는 식단 관리 도시락 배달 정기구독 (1일2끼)",8000,16000,24000,24000,223,4.8,4.8/5,0.3,0.9216,0.27648,3291.666667,8.40E-05,96.15283193,,"상한: 10,152원/개"
[총 3팩 구독 체험팩] 탄단지박스 고단백 도시락＆웜프샐러드 (택 1),29100,0,29100,9700,326,4.79,4.79/5,0.4,0.917764,0.3671056,6650,5.52E-05,63.19512436,,
냉동 도시락 양많은 직장인 간편 반찬 정기배송 편의점 점심 배달 단백질 인박스컵밥6종6팩,26900,3000,29900,4483.333333,78,4.78,4.78/5,0.2,0.913936,0.1827872,6650,2.75E-05,31.46576853,,"리뷰수 가중치: 1,000개 이상은 모두 동일 가중치(상한)로 캡핑"
냉동 도시락 양많은 반찬 정기배송 직장인 편의점 간편 점심 배달 단백질 미용식 6종 6팩,27900,3000,30900,4650,1478,4.76,4.76/5,0.4,0.906304,0.3625216,4150,8.74E-05,100,,0–4: 0.0 / 5–50: 0.1 / 51–100: 0.2 / 101–300: 0.3 / 301–1000: 0.4 / 1000+: 0.4
마마킹 혼밥 양많은 냉동 도시락 단백질 식단 직장인 간편 점심 편의점 정기배송 고기고기 5종,30900,3500,34400,6180,2552,4.83,4.83/5,0.4,0.933156,0.3732624,6966.666667,5.36E-05,61.33430117,,
고기많은 냉동 도시락 양많은 직장인 정기배송 단백질 벌크업 헬스 단백식사시즌2 4종 4팩,32200,3500,35700,8050,241,4.76,4.76/5,0.3,0.906304,0.2718912,6500,4.18E-05,47.88461538,,평점가중값 = (평점/5)^2
양많은 냉동도시락 도시락 정기배송 직장인 점심 배달 단백질 고기고기 5종,34500,3500,38000,6900,9222,4.76,4.76/5,0.4,0.906304,0.3625216,8680,4.18E-05,47.81105991,,가치점수(단가기준): 가치점수 = (평점가중값 × 리뷰가중치) / 1개당단가
맛있는 다이어트 식단 관리 도시락 12팩 세트 직장인 간편 냉동 12종 12팩,39500,0,39500,3291.666667,5308,4.57,4.57/5,0.4,0.835396,0.3341584,4408.333333,7.58E-05,86.7745091,,
당뇨도시락 당뇨 환자 식단배달 6팩 점심구독 임당 반찬 건강식 양많은 아침식사 저녁 일주일,39900,0,39900,6650,263,4.64,4.64/5,0.3,0.861184,0.2583552,4658.333333,5.55E-05,63.48934607,,
당뇨도시락 환자 식단배달 3종 6팩 점심구독 임당 반찬배달 냉동도시락 양많은 아침 저녁,39900,0,39900,6650,122,4.8,4.8/5,0.3,0.9216,0.27648,4691.666667,5.89E-05,67.46069026,,
밥이다른 다신밥상 도시락 10종 10팩 / 직장인점심 정기배송 식단관리,41500,0,41500,4150,263,4.73,4.73/5,0.3,0.894916,0.2684748,5260,5.10E-05,58.42947606,,
저당 당뇨도시락 환자 임당식단 3종6팩 양많은 점심 아침 단백질 벌크업 탄단지 고급 노인,41800,0,41800,6966.666667,38,4.53,4.53/5,0.1,0.820836,0.0820836,9785,8.39E-06,9.603062911,,
저당도시락 냉동도시락 9종 식단 단백질 탄단지 점심구독 반찬배달 정기배송 아침식사 2주,42400,0,42400,4711.111111,783,4.74,4.74/5,0.4,0.898704,0.3594816,10151.66667,3.54E-05,40.53717925,,
고기많은 냉동 도시락 양많은 직장인 정기배송 단백질 벌크업 헬스 단백식사시즌1 6종 6팩,39000,3500,42500,6500,26,4.58,4.58/5,0.1,0.839056,0.0839056,6454,1.30E-05,14.88251041,,
덮밥 점심구독 5종10팩 도시락정기배송 아침 저녁식사 배달 단백질 매일 식단 반찬 한달,43400,0,43400,8680,59,4.73,4.73/5,0.2,0.894916,0.1789832,3787.5,4.73E-05,54.09708147,,
저염식식단 양많은 6종 점심구독 저염 도시락배달 아침식사 반찬배달 매일 식단 건강식 저녁,47880,0,47880,7980,100,4.57,4.57/5,0.2,0.835396,0.1670792,7600,2.20E-05,25.16651059,,
블랙컨슈머 다이어트 한식 도시락 식단 관리 세트 직장인 간편 냉동 체중조절식 12종 세트,45100,5000,50100,3758.333333,9,4.56,4.56/5,0.1,0.831744,0.0831744,3987.5,2.09E-05,23.87828818,,
4구 단백질 식단 6종12팩 도시락정기배송 현미 반찬배달 매일 아침 점심 편의점 양많은,52900,0,52900,4408.333333,67,4.72,4.72/5,0.2,0.891136,0.1782272,4325,4.12E-05,47.17393248,,
굿스푼 맛있는 다이어트 식단 고기많은 12종 12팩 정기배송 냉동 도시락 배달 직장인,55900,0,55900,4658.333333,14914,4.76,4.76/5,0.4,0.906304,0.3625216,4550,7.97E-05,91.20879121,,
양많은 냉동도시락 6종12팩 단백질 정기배송 직장인 점심구독 아침식사 저녁 벌크업 식단배달,56300,0,56300,4691.666667,165,4.83,4.83/5,0.3,0.933156,0.2799468,9681.666667,2.89E-05,33.10088383,,
양많은 냉동 도시락 직장인 정기배송 아침 간편 편의점 점심 단백질 블랙라인 10종10팩,52600,4000,56600,5260,197,4.77,4.77/5,0.3,0.910116,0.2730348,9827.5,2.78E-05,31.80454305,,
양많은 덮밥 점심구독 10종 냉동도시락 도시락정기배송 단백질 아침식사 저녁 직장인 2주,56600,0,56600,5660,79,4.82,4.82/5,0.2,0.929296,0.1858592,9720,1.91E-05,21.88930674,,
[총 6팩 1/2주 간편 식단 구독] 탄단지박스 고단백 냉장 웜프샐러드,58710,0,58710,9785,112,4.9,4.9/5,0.3,0.9604,0.28812,6825,4.22E-05,48.32645728,,
