상품명,가격,평점,리뷰 수,배송비,할인 전 가격,제공 횟수,1회 가격,할인률
다신샵 다신이밥상 10종 10팩 식단세트,39500,4.75,289,0,49500,10,3950,0.2
다신샵 완벽한 식단 다신밥상 도시락 10종 10팩,39500,4.79,268,0,49500,10,3950,0.2
시그니처밸런스 도시락 정기구독,28170,4.79,340,0,159000,,#DIV/0!,0.82
52주 다이어트 2주 냉장 건강 한식 도시락 식단 정기 배송,149000,4.8,225,16000,200000,,#DIV/0!,0.26
미스터네이처 다이어트 도시락 12종 12팩 정기배송,55400,4.76,15098,0,64000,12,4617,0.13
얌쿠 맛있는 다이어트 식단 10팩,33500,4.8,321,0,45000,10,3350,0.26
얌쿠 맛있는 다이어트 도시락 반찬정기배송,26900,4.81,342,0,53800,,#DIV/0!,0.5
미스터네이처 다이어트 도시락 혼합 24팩,105600,4.8,268,0,134000,24,4400,0.21
함성랩 다이어트 24종 도시락,105600,4.82,264,0,134000,24,4400,0.21
다신샵 다신이밥상 10종 10팩 식단세트 (중복),39500,4.75,289,0,49500,10,3950,0.2
성수누리 블랙라인 10종 세트 냉동 도시락,49600,4.85,2890,0,57400,10,4960,0.14
함성랩 다이어트 도시락 정기배송 10팩,56200,4.8,540,0,67500,10,5620,0.17
함성랩 다이어트 24팩 단백질 도시락,97200,4.84,250,0,120000,24,4050,0.19
남마스도시락 단백질식단 10종 세트,29900,4.83,2569,0,55000,10,2990,0.46
성수누리 밀리언 10종 도시락,57400,4.85,2030,0,69800,10,5740,0.18
532다이어트 직장인 도시락 세트,8900,4.94,1020,0,10800,,#DIV/0!,0.18
함성랩 다이어트 점심도시락 5종 10팩 세트,39100,4.8,61,0,49000,10,3910,0.2
함성랩 다이어트 단백질 정기배송,77100,4.82,11,0,99000,,#DIV/0!,0.22
가치올림 다이어트 정기배송 도시락,26700,4.6,263,0,30900,,#DIV/0!,0.14
함성랩 다이어트 식단 6종 12팩,52500,4.72,67,0,65000,12,4375,0.19
함성랩 다이어트 냉동도시락 6종 12팩,55900,4.8,170,0,69500,12,4658,0.2
칼로리컨트롤 연구소 다이어트 도시락,271000,4.9,91,0,301000,,#DIV/0!,0.1
성수누리 한입도시락 12팩 세트,56800,4.76,81,0,67800,12,4733,0.16
함성랩 다이어트 도시락 12종 12팩,55700,4.78,116,0,67000,12,4642,0.17
532다이어트 2주 식단관리 챌린지,149000,4.8,225,16000,200000,,#DIV/0!,0.26
함성랩 다이어트 정식 24팩 반찬형 도시락,90500,4.8,6,0,108000,24,3771,0.16
TME티엠상회 성수누리 치킨마요 불고기 10종 세트,56200,4.83,5,0,72000,10,5620,0.22
얌쿡 맛있는 다이어트 식단 냉동 도시락,52600,4.77,197,0,80000,,#DIV/0!,0.34
532다이어트 직장인 식단 정기 배송 3주,177000,4.73,6,16000,200000,,#DIV/0!,0.12
다신샵 완벽한 식단 다신밥상 도시락 10종 10팩,39500,4.72,268,0,49500,10,3950,0.2
모두의맛집 한식 도시락,6370,4.5,2,0,7500,1,6370,0.15
TME티엠상회 직화불고기 도시락 10종,48600,4.75,12,0,64000,10,4860,0.24
모두의맛집 치즈오믈렛 도시락,6800,4.8,12,0,8000,1,6800,0.15
얌쿡 맛있는 다이어트 식단 직장인 도시락,25900,4.8,83,0,30000,,#DIV/0!,0.14
함성랩 다이어트 냉동도시락 단백질 밸런스,75500,5,3,0,89000,,#DIV/0!,0.15
TME티엠상회 한입도시락 7종 세트,39900,4.8,15,0,64000,7,5700,0.38
얌쿡 맛있는 다이어트 식단 고기반찬 도시락,39900,4.55,29,0,52000,,#DIV/0!,0.23
함성랩 다이어트 저당도시락 냉동식단 9종,42000,4.74,26,0,50000,9,4667,0.16
함성랩 다이어트 고단백 정기배송 12종,79200,4.92,12,0,100000,12,6600,0.21
얌쿡 맛있는 다이어트 식단 냉동도시락,21800,4.91,110,0,36000,,#DIV/0!,0.39
함성랩 다이어트 29종 점심도시락,187100,4.7,7,0,208000,29,6452,0.1
함성랩 다이어트 냉동도시락 배달형,44400,4.67,27,0,49900,,#DIV/0!,0.11
532다이어트 1주일 식단 세트,84000,4.59,66,4000,100000,7,12571,0.16
함성랩 다이어트 저당도시락 12종,55400,4.72,29,0,64000,12,4617,0.13
TME티엠상회 성수누리 매콤 10종 세트,49500,5,6,0,62000,10,4950,0.2
TME티엠상회 한입도시락 7종 세트,39900,4.8,15,0,64000,7,5700,0.38
함성랩 다이어트 점심도시락 12팩,56400,4.86,14,0,65000,12,4700,0.13
함성랩 다이어트 점심도시락 24팩,103400,4.73,14,0,120000,24,4308,0.14
식스밀 다이어트 식단 1일 1식 도시락,53500,4.81,112,4500,59000,,,
532다이어트 정기구독 도시락,287000,4.78,161,0,320000,,,
나인케 식탁 한식 도시락 정기배송,150000,4.8,178,0,178000,,,
남맛스토아 단백질 도시락,29900,4.92,113,0,52000,,,
함성랩 다이어트 칼로리컷 한끼 300g,50500,4.5,9,0,70000,,,
잇띵 도시락 정기배송 세트,49000,3,1,0,100000,,,
함성랩 다이어트 냉동도시락 36종 세트,303900,4.67,47,0,370000,,,
식스밀 다이어트 식단 1일 2식 세트,107000,4.84,37,0,120000,,,
함성랩 다이어트 점심도시락 단백질 28종,83300,4.71,74,0,107000,,,
532다이어트 2주 21일 세트,169000,4.62,61,16000,200000,,,
함성랩 다이어트 3찬 냉동도시락 12종,55700,5,16,0,65000,,,
Homes 마이홈 도시락 5종 세트,29000,4.92,24,3000,33000,,,
얌쿡 맛있는 다이어트 정기배송,23900,5,5,0,30000,,,
함성랩 다이어트 냉동도시락 10팩,62600,4.4,20,0,72000,,,
블랙컨슈머 다이어트 체중조절 도시락,36000,4.9,1515,3000,45000,,,
Homes 마이홈 고기고기 냉동 도시락,29900,4.9,19,3000,35000,,,
얌쿡 맛있는 다이어트 식단 고기반찬형,61100,4.82,11,0,74000,,,
TME티엠상회 한입도시락 7종 세트,39900,4.8,15,0,64000,,,
헤비로버 어썸남자벌크업세트,90000,4.82,1046,5000,129000,,,
얌쿡 맛있는 다이어트 식단 단백질플랜,185100,5,7,0,210000,,,
TME티엠상회 파리로시 9종 세트,68800,4.89,81,0,85000,,,
TME티엠상회 성수누리 달달 치킨마요 9종 세트,52200,4.91,32,0,65600,,,
함성랩 다이어트 냉동 도시락 12종 고단백 식단,48000,5,3,0,60000,,,
얌쿡 맛있는 다이어트 식단 냉동 도시락 정기배송,59000,4.57,7,0,74000,,,
얌쿡 맛있는 다이어트 식단 냉동 도시락 정기배송 양식,57400,4.67,6,0,72000,,,
얌쿡 맛있는 다이어트 식단 냉동 도시락 정기배송 간편식,66200,4.5,4,0,80000,,,
얌쿡 맛있는 다이어트 식단 냉동 도시락 한식형,66200,4.67,11,0,79000,,,
함성랩 다이어트 냉동 도시락 12종 18팩,67900,4.69,13,0,81000,,,
532다이어트 2개월 챌린지 세트,693400,4.7,100,0,889000,,,
얌쿡 맛있는 다이어트 식단 고기반찬형,67000,4.5,11,0,79000,,,
TME티엠상회 성수누리 명랑고구마 29종 세트,148000,4.46,39,0,165000,,,
함성랩 다이어트 냉동 도시락 10종 점심도시락,69200,4.84,9,0,79500,,,
맛있는 다이어트 식단 관리 도시락 12팩 세트,39000,4.57,5349,0,60000,,,
TME티엠상회 성수누리 직화불고기 도시락,48600,4.75,12,0,64000,,,
TME티엠상회 성수누리 달달불닭 도시락,61200,4.71,18,0,79000,,,
얌쿡 맛있는 다이어트 식단 간편정기배송 도시락,3400,4.7,38,0,5800,,,
남맛스토아 혼밥 도시락 18종 정기배송,28900,4.9,47,3000,39900,,,
얌쿡 맛있는 다이어트 식단 냉동 도시락 정기배송,73500,4.4,5,0,89900,,,
유튜티다이어트 도시락 정기배송,53100,4.6,12,0,59500,,,
532다이어트 2주 도시락 배달 정기배송,84000,5,9,4000,97000,,,
스토어 리판 다이어트 단백질 냉동도시락,64540,4.8,5272,0,63500,,,
TME티엠상회 성수누리 매콤 10종 세트,49500,5,3,0,62000,,,
함성랩 다이어트 냉동도시락 점심식단 10종,42000,4.6,13,0,50000,,,
TME티엠상회 성수누리 치킨마요 불고기 10종,56200,4.83,18,0,72000,,,
빌드업344 도시락 정기배송 9팩,36300,5,6,0,73000,,,
TME티엠상회 성수누리 밀리언 10종 세트,57400,4.35,6,0,70000,,,
함성랩 다이어트 냉동도시락 단백질 12종,57400,3,10,0,72000,,,
함성랩 다이어트 냉동도시락 닭고기볼 12팩,39900,4.8,14,0,50000,,,
가치올림 다이어트 점심도시락 정기배송,39900,4.86,2767,0,46500,,,
식스밀 다이어트 식단 3주 프리미엄 세트,324000,5,4,0,350000,,,
프리미 도시락 한식 도시락 세트,45600,4.5,4,0,52000,,,
콕플레이 임당식단 주 2회 2주 정기구독,163200,5,2,0,228400,,,
콕플레이 임당식단 주 5회 2주 정기구독,384000,4.57,7,0,576000,,,
나미나푸드 부산 전지역 당일 김해 경기배송 한식도시락,7500,-,-,3000,9000,,,
식스밀 다이어트 식단 9주 베이직,465100,5,1,0,650000,,,
식스밀 다이어트 식단 3주 베이직,161700,4.45,11,0,218000,,,
함성랩 다이어트 오징어볶음 24팩,69400,4.78,23,0,115000,,,
함성랩 다이어트 닭가슴살 반찬 8팩,39500,4.8,129,0,47500,,,
피카바잇 직장인도시락배달 반찬도시락,26890,-,-,0,48900,,,
함성랩 다이어트 냉동도시락 6종 12팩,28900,4.8,3,0,33000,,,
헬셰프 도시락 냉동 간편 한식,34400,4.6,491,0,42000,,,
콕플레이 임당식단 주 3회 2주 정기구독,237600,3,9,0,340000,,,
시그니처밸런스 다이어트 도시락,28170,4.68,116,0,149000,,,
밀프로드 다이어트 단백질 정식도시락,46900,4.99,139,0,89900,,,
진식당 7찬 반상,8800,-,-,0,9900,,,
532다이어트 저탄고지 식단,221500,4.9,50,0,240000,,,
함성랩 다이어트 저당 닭고도시락 36종,41400,4.53,40,0,47000,,,
함성랩 다이어트 점심도시락 6종 24팩,105400,4.7,267,0,125000,,,
TME티엠상회 성수누리 덮밥 도시락 9종,56800,4.8,6,0,67900,,,
함성랩 다이어트 저염식단 10종 세트,47480,4.57,102,0,59000,,,
남맛스토아 혼밥 도시락 6팩,59900,4.82,569,0,79000,,,
맛있저염 저염도시락,42750,4.56,40,0,47900,,,
가치올림 다이어트 건강한 한끼 도시락,26700,4.65,263,0,150000,,,
셀그램 다이어트 클로즈클린업,60530,4.9,10,0,72000,,,
함성랩 다이어트 저염식단 12팩 세트,90800,4.81,26,0,115000,,,
셀그램 다이어트 단백질 식단 6팩,35900,4.7,138,0,45000,,,
셀그램 다이어트 단백질식사 스테이크 5팩,32200,4.9,60,0,39000,,,
다신샵 다이어트 저당도시락 6팩,23900,4.94,35,0,29500,,,
식스밀 다이어트 6주 프리미엄,634800,5,6,0,840000,,,
식스밀 다이어트 9주 프리미엄,932300,5,5,0,1260000,,,
식스밀 다이어트 6주 베이직,316700,4.5,4,0,440000,,,
햇돈 직장인 냉동 도시락 버섯 비빔밥,6000,4.74,41,3000,8500,,,
샐밥푸 샐러드 단백질 식단,9700,-,-,0,11900,,,
블랙컨슈머 다이어트 한식 도시락 세트,44800,4.58,12,0,55000,,,
샐밥푸 포케 단백질 식단,9700,-,-,0,11900,,,
함성랩 다이어트 저염식단 오징어볶음,90800,5,23,0,114000,,,
다신샵 다이어트 든든한 도시락 12팩,47900,4.67,240,0,57000,,,
샐밥푸 샌드위치 랩 식단,7700,-,-,0,9900,,,
맑투고 단백질 도시락 스테이크,64900,5,3,0,79000,,,
샐밥푸 샐러드&음료 세트,11700,-,-,0,13800,,,
Grameal 부채살 소고기 웰빙도시락,8900,4.61,235,0,59900,,,
샐밥푸 포케세트,11700,-,-,0,13800,,,
샐밥푸 랩세트,9700,-,-,0,11900,,,
진수성찬 7찬 반상,8800,-,-,0,9900,,,
블랙컨슈머 도시락 파스타 세트,57700,4.67,3,0,69000,,,
블랙컨슈머 다이어트 도시락 한식 정기배송,26000,4.89,9,0,32000,,,
샐밥푸 포케세트,11700,-,-,0,13900,,,
샐밥푸 랩세트,9700,-,-,0,11900,,,
진수성찬 7찬 반상,8800,4.67,3,0,9900,,,
블랙컨슈머 도시락 파스타11종 세트,57700,4.67,9,0,65000,,,
블랙컨슈머 다이어트 도시락 한식세트,26000,4.89,9,0,29500,,,
ABC 샐러드 정기배송 도시락,82800,4.86,11044,0,89900,,,
함성랩 다이어트 점심도시락 6종 12팩,62590,4.5,19,0,72000,,,
함성랩 다이어트 저당 도시락 3팩,25590,4.53,17,0,28900,,,
함성랩 다이어트 단백질 정식도시락 8팩,39050,4.62,21,0,45000,,,
맑투고 단백질 도시락 세트 TOP3,54900,4.94,18,0,68000,,,
블랙컨슈머 파스타 4종 세트,11800,5,2,0,13200,,,
블랙컨슈머 한식 5종 세트,18900,4.63,5,0,20500,,,
포켓샐러드 포켓라이스 콜라보,4900,4.5,1727,0,13500,,,
맑투고 다이어트 단백질 도시락,57400,4.56,57,0,70000,,,
블랙컨슈머 다이어트 도시락 혼합형,57400,4.67,6,0,70000,,,
함성랩 다이어트 단백질 도시락 12종,54800,4.87,81,0,64500,,,
블랙컨슈머 닭가슴살도시락 7종,35600,4.6,10,0,55000,,,
함성랩 다이어트 시즌1 단백질 도시락,55700,5,1,0,65000,,,
블랙컨슈머 한식도시락 5종,18700,5,5,0,19000,,,
함성랩 다이어트 계란 곡류형 도시락,19500,4.97,95,0,53000,,,
해뚜문 온라인스토어 전복죽 & 가자미국,10900,4.84,583,3000,11900,,,
함성랩 다이어트 시즌6 단백질 반찬도시락,55700,5,1,0,65000,,,
함성랩 다이어트 시즌5 단백질 반찬도시락,55700,5,1,0,65000,,,
맑투고 닭가슴살 스테이크 단백질 도시락,46900,5,2,0,58000,,,
맑투고 돈등심 스테이크 단백질 도시락,52900,5,2,0,65000,,,
맑투고 프리미엄 밀프랩 인기 도시락 TOP4,72500,4.95,21,0,89000,,,
푸드인마인드스타 건강도시락,5300,4.8,2,0,6900,,,
맑투고 치킨볼 스테이크 단백질 도시락,48100,5,3,0,60000,,,
맑투고 포크립 단백질 도시락,49900,5,2,0,62000,,,
맑투고 비프함박 스테이크 단백질 도시락,51100,5,1,0,,,,
푸드인마인드스타 라운딩 네이버 단백질 치킨카레볶음밥,6300,5,4,0,8300,,,
블랙컨슈머 도시락 블랙컨슈머 4주분 도시락 12팩,75500,5,7,0,85000,,,
푸드인마인드스타 라운딩 네이버 단백질 데리야끼포크오믈렛,5350,5,5,0,6600,,,
맑투고 닭가슴살 스테이크 닭갈비볶음밥 단백질 도시락,52300,5,5,0,66000,,,
블랙컨슈머 한식도시락 블랙컨슈머 도시락 한식4팩,21300,4,2,0,25000,,,
블랙컨슈머 한식도시락 블랙컨슈머 간편한 한식도시락,38100,5,5,0,47000,,,
블랙컨슈머 간편한 한식도시락 푸짐한 구성,38100,5,5,0,47000,,,
조선닭 야채볶음밥 냉동도시락 닭가슴살 300g,5380,5,4,3000,5490,,,
조선닭 야채볶음밥 냉동도시락 치즈 290g,5380,5,3,3000,5490,,,
푸드인마인드스타 라운딩 네이버 단백질 마늘치킨도시락,5650,5,3,0,6900,,,
조선닭 미니햄 파스타 도시락 310g,5380,5,3,3000,5490,,,
푸드인마인드스타 라운딩 네이버 단백질 제육덮밥,5200,5,2,0,6800,,,
푸드인마인드스타 라운딩 네이버 단백질 갈비덮밥,5650,5,2,0,6900,,,
블랙컨슈머 다이어트 도시락 혼합세트,40800,4.75,6,0,44000,,,
맑투고 단백질 도시락 닭가슴살 함박 스테이크,51400,5,13,0,64000,,,
샐리테이블 샐러드 도시락 정기배송 세트,167800,4.92,918,0,172900,,,
포켓샐러드 4주 자연식 정기배송,111800,4.92,4035,0,138000,,,
함성랩 다이어트 고단백 점심도시락 세트,46400,3,1,0,55900,,,
본핏 다이어트 정기배송 샐러드 세트,73740,4.95,1110,0,440000,,,
다신샵 다이어트 한스푼 샐러드 도시락,66900,4.71,1705,0,124000,,,
포켓샐러드 4주 샐러드팩 20팩,126800,4.81,617,0,164000,,,
블랙컨슈머 도시락 파스타9종 세트,40700,4.7,25,0,45000,,,
바스락다이어트 부산 울산 정기배송 샐러드 도시락,89100,4.81,158,0,94600,,,
한주디 냉동 도시락 저탄고지 식단,30400,4.9,85,0,60000,,,
한주디 냉동 도시락 단백질 식단,56900,4.9,82,0,100000,,,
한주디 냉동 도시락 탄단지 식단,32900,4.9,100,0,42000,,,
한주디 냉동 도시락 단백질 한상 도시락,29900,4.9,90,0,35000,,,
함성랩 다이어트 시즌3 단백질 반찬도시락,55700,4.8,4,0,65000,,,
플랜잇 샐러드 정기배송 세트,85800,4.87,1799,0,90000,,,
샐리테이블 샐러드 정기배송 구독,85800,4.88,665,0,90000,,,
라오스AROS 부산 샐러드 정기배송 20회권,153000,4.97,214,0,177000,,,
맑투고 닭가슴살 스테이크 닭불고기 단백질 도시락,57700,5,9,0,71900,,,
맑투고 닭가슴살 스테이크 닭갈비볶음밥 단백질 도시락,49900,5,9,0,62000,,,
샐리테이블 샐러드 정기배송 저탄식단 도시락,87900,4.86,1237,0,97000,,,
맑투고 닭가슴살 스테이크 김치볶음밥 단백질 도시락,69700,5,8,0,87000,,,
블랙컨슈머 다이어트 도시락 단백질 한식세트,45800,4.7,5,0,55000,,,
테이키머스 다이어트 도시락 직장인 간편식 세트,38500,5,9,0,39800,,,
조선닭 야채볶음밥 냉동도시락 김치볶음밥,5600,5,3,3000,5700,,,
DY.COMPANY 핑크 등근 도시락 직장인 3단 반찬통 도시락 세트,38600,-,-,0,55200,,,
조선닭 야채볶음밥 냉동도시락 함박식 310g,5600,5,2,3000,5700,,,
맑투고 닭가슴살 스테이크 단백질 도시락 함박버거세트,52900,5,9,0,65000,,,
DY.COMPANY 3단 도시락 세트 스테인리스 도시락,36900,-,-,0,52000,,,
맑투고 매운도시락 스테이크 김치볶음밥 단백질 도시락,55900,5,6,0,69000,,,
블랙컨슈머 다이어트 도시락 한식 도시락 2팩 세트,31100,5,3,0,50000,,,
샐러디 이즈 주 1회 샐러드 정기배송 도시락,37100,4.89,46,0,39000,,,
팜팟샐러덕연구소 샐러드 단백질 도시락 정기배송,23500,4.93,122,0,450000,,,
샐러담푸다 샐러드 정기배송 1개월 4주,110800,4.76,141,0,128000,,,
바스락다이어트 부산 울산 샐러드 정기배송,178200,4.95,64,0,198000,,,
플랜잇 샐러드 정기배송 4주 세트,169000,4.91,1288,0,189000,,,
DY.COMPANY 직장인용 초장기밀 샐러드 도시락 세트,33800,-,-,0,48000,,,
윤샐단 샐러드 정기배송 2주 지속식단,89900,4.64,1835,0,98000,,,
얌샐런드 샐러드 정기배송 4주 세트,160900,4.82,266,0,490000,,,
포켓샐러드 1주 정기배송 샐러드팩,28300,4.91,498,0,34000,,,
샐리테이블 샐러드 정기배송 패키지,321600,4.93,474,0,340000,,,
바스락다이어트 샐러드 정기배송 소형세트,89100,5,5,0,99000,,,
포켓샐러드 곡물 샐러드 도시락,46800,4.78,118,0,61000,,,
샐러담푸다 샐러드 정기배송 도시락,167900,4.81,72,0,187000,,,
미스터네이쳐 닭가슴살 샐러드,4850,4.65,7523,3000,7400,,,
바요프레쉬 대체식 샐러드 2주 세트,109900,4.91,1174,0,130000,,,
피키다이어트 1am 바삭한 알뜰 샐러드 정기배송,10950,4.83,21875,0,25000,,,
포켓샐러드 2주 자연식 정기배송,82000,4.86,166,0,94000,,,
포켓샐러드 2주 정기배송,55500,4.8,166,0,69000,,,
얌샐런드 메뉴개별선택 두부샐러드 세트,26000,4.83,104,0,39800,,,
샐러드비타 수입 샐러드 정기배송,140000,4.96,660,0,170000,,,
헬씨도시락 샐러드 4주 정기배송,170000,4.94,82,0,189000,,,
라오스AROS 부산 샐러드 정기배송,79000,4.92,63,0,100000,,,
헬씨도시락 1주 2주 정기배송,90000,4.94,48,0,115000,,,
샐러드이즈 1회 코스 샐러드 정기배송,30400,5,6,0,35000,,,
바스락다이어트 샐러드 정기배송,178200,4.67,3,0,198000,,,
식스밀 다이어트 식단 샐러드 정기배송,34200,4.8,79,0,43500,,,
바스락다이어트 울산 샐러드 정기배송,178200,4.8,8,0,198000,,,
바스락다이어트 창원 샐러드 정기배송,89100,5,14,0,99000,,,
샐러드 스튜디오 수입 샐러드 정기배송,140000,4.93,2056,0,170000,,,
바스락다이어트 창원 울산 샐러드 정기배송,267300,5,9,0,300000,,,
샐리테이블 샐러드 정기배송,46800,4.82,169,0,54000,,,
