상품명,브랜드,가격_원,평점,리뷰수,배송비_원
"고려은단 멀티비타민 올인원 60정, 3개",고려은단몰,57900,4.86,99999,0
"동국제약 마이핏V 멀티비타민 이뮨128 마시는 액상비타민 14개입, 8개",동국제약 뉴트리션,179010,,,0
"익스트림 남성 올인원 영양제 멀티 종합 비타민 멀티팩 포맨 30포, 2개",익스트림공식스토어,74000,4.91,4097,
[센트룸] 우먼 더블업 멀티 비타민 x3개입,센트룸 공식스토어,66000,,,0
[멀티비타민+밀크씨슬+루테인 +오메가3]GNM 올인원 뉴트리션 멀티비타민 1박스,GNM 자연의품격,31900,4.9,31000,
"[6개월] 닥터린 올인원 멀티비타민미네랄 맥스 종합비타민 영양제 60정, 3개",GNM 자연의품격,54810,4.8,26471,
[센트룸] 맨 더블업 멀티비타민 미네랄x3개입,GNM 자연의품격,66000,4.8,26471,
종합비타민 6개월 멀티비타민앤미네랄 영양제 남성 여성 캐나다 올인원 포맨포우먼,GNM 자연의품격,29800,4.8,26471,
"익스트림 남성 올인원 영양제 멀티 종합 비타민 멀티팩 포맨 30포, 3개",GNM 자연의품격,114900,4.91,4098,
"데이팩 올인원 액상 멀티비타민 이뮨샷 5000% 30개입, 3개",GNM 자연의품격,118000,4.84,815,
리포데이 올인원 남자 종합 영양제 맨즈팩,GNM 자연의품격,80500,4.83,1507,
꽉 채운 21가지 필수성분 올인원 영양제,GNM 자연의품격,55000,4.83,4028,
[신제품 10%][비타민+유산균+밀크씨슬+루테인] 올인원 뉴트리션 멀티비타민 유산균 1박스,GNM 자연의품격,36710,4.88,12134,
"[네이버단독] 데이팩 올인원 한포영양제 유산균 오메가3 30포, 3개",GNM 자연의품격,104000,4.88,12134,
남성 여성 하루 한포 원데이 종합 영양제,GNM 자연의품격,44000,4.92,416,
보스코 뉴트리4 종합영양제 올인원 한포 맞춤 영양제 여성 남성 피로회복,GNM 자연의품격,136400,4.86,4072,
하루한포 올인원영양제 여성 간편 한팩영양제,GNM 자연의품격,88100,4.86,4072,
HLB 제약 비오유 올인원 종합영양제 멀티 비타민 오메가3 유산균 (40캡슐 X 3개),GNM 자연의품격,75000,,,
네추럴라이즈 어린이 비타민 젤리 키즈 종합 영양제 꾸미 혼합 3종(3개월분),Naturalize,30500,4.88,11669,
"고려은단 멀티비타민 올인원 1560mg x 60정, 3개",고려은단몰,57900,4.86,99999,
"고려은단 메가도스 이뮨샷 (액상 50ml + 정제 1.85g) x 30개입, 1개",고려은단몰,52900,4.88,11988,
"센트룸 실버 우먼 멀티비타민 미네랄 1514mg x 50정, 3개",센트룸 공식스토어,63000,4.86,17327,
"센트룸 멀티 구미 2g x 80구미, 3개",센트룸 공식스토어,65000,4.87,49750,0
[센트룸] 센트룸 멀티구미(80구미) X3개입,센트룸 공식스토어,65000,4.93,3322,0
"고려은단 멀티비타민 올인원 이지 780mg x 120정, 1개",고려은단몰,24900,4.86,14437,
"인테로 멀티비타민 앤 미네랄 밸런스 1445mg x 180정, 1개",인테로,26410,4.84,23123,0
"센트룸 실버 포맨 멀티비타민 미네랄 1464mg x 50정, 3개",센트룸 공식스토어,63000,4.86,9643,0
[유통기한 25년 12월 30일] 멀티비타민 오쏘몰 바이탈 F 30일분 + 쇼핑백,동아제약,57060,4.86,2597,0
세노비스 트리플러스 오메가3 이뮨 멀티비타민 미네랄 맨 80캡슐+우먼 80캡슐,세노비스몰,54000,,,0
뉴트리포유 듀얼 이뮨샷 멀티비타민 영양제 30개입 피로회복 액상 마시는 미네랄 종합영양제,바이엘공식판매처,49410,4.87,1295,
[1+1]종근당 아임비타 이뮨플러스 2박스 샷 올인원영양제 마시는 액상 비타민,바이엘공식판매처,21000,4.85,3340,
[공식]거품없는가격 인테로 종합비타민 6개월분,인테로,26410,4.84,23123,0
센트룸 포 맨 더블업 종합 멀티 비타민 112정 남성 대용량 영양제,센트룸 공식스토어,39590,4.87,3709,0
"고려은단 메가도스 이뮨샷 (액상 50ml + 정제 1.85g) x 15개입, 1개",고려은단몰,26900,4.88,1200,
삼진제약 남성 종합 영양제 포 맨 3개월,삼진제약,95900,4.88,3914,
센트룸 우먼 더블업 멀티비타민 112정,센트룸 공식스토어,37610,4.83,3939,0
[센트룸] 실버 우먼 멀티비타민 미네랄x3개,센트룸 공식스토어,63000,4.93,7099,0
잠백이 종합 멀티 비타민 & 미네랄 영양제 30정,잠백이,9800,4.93,7099,0
"닥터브라이언 멀티비타민 구미 피치&레몬맛 3000mg x 100구미, 2개",닥터브라이언,23900,4.93,3171,0
"솔가 남성용 멀티비타민 미네랄 60정, 1개",솔가 공식스토어,33000,4.89,2613,
"네추럴라이즈 멀티비타민 꾸미 2.5g x 60구미, 1개",Naturalize,11900,4.81,32082,
"세노비스 트리플러스 오메가3 이뮨 우먼 1180mg x 80캡슐, 3개",세노비스몰,81900,4.89,3092,0
종근당 아임비타 멀티비타민 이뮨플러스 14병 샷 마시는 액상 비타민 올인원영양제,세노비스몰,22470,4.87,2273,0
"하루틴 리포좀 멀티비타민 알파 1100mg x 90정, 1개",하루틴 공식스토어,79900,4.81,5252,0
"세노비스 키즈 멀티비타민 미네랄 1500mg x 90캡슐, 2개",세노비스몰,37810,4.81,12319,0
센트룸 실버 포 맨 종합 멀티 비타민 112정 남성 50+ 대용량 영양제,세노비스몰,39590,4.83,5986,0
"솔가 여성용 멀티비타민 미네랄 60정, 1개",솔가 공식스토어,51000,4.88,2113,
"[슈퍼적립10%+사은품] 세노비스 트리플러스 우먼 오메가3 이뮨 여성 멀티비타민 미네랄 80캡슐, 3개",세노비스몰,81900,,,0
[센트룸] 멀티구미 80구미 9가지 비타민,센트룸 공식스토어,25000,,,0
[프레스샷] 수험생비타민 피로회복 영양제,온누리Store,27900,,,0
"네츄럴라이프얼라이브 얼라이브 멀티비타구미 2.7g x 60구미, 3개",네츄럴라이프 공식몰,59900,4.86,8099,0
"오쏘몰 이뮨 멀티비타민 미네랄 (액상 20ml + 정제 919mg) x 30개입, 1개",네츄럴라이프 공식몰,84900,4.83,161,0
센트룸 실버 포 우먼 종합 멀티 비타민 영양제 112정 비타민B12 대용량,네츄럴라이프 공식몰,39590,4.81,5961,0
[센트룸] 실버 맨 멀티 비타민 미네랄x3개입,센트룸 공식스토어,63000,4.93,7251,0
닥터에디션 닥터 퍼스트맘2 임신 중기 출산 후 수유기 미네랄 종합 영양제 60일분,센트룸 공식스토어,75000,4.93,7251,0
"센트룸 멀티 구미 키즈 2g x 40구미, 3개",센트룸 공식스토어,38000,4.88,4020,0
더리틀스 맥스데이 멀티부스터 투퍼데이 판토텐산 비오틴 올인원 고함량 종합 멀티 활력 비타민 B 미네랄 3BOX 3개월분,더리틀스,76340,4.94,41065,0
피에이치365 아기 비타민D 아연 베이비 돌 유아 어린이 키즈 영양제,피에이치365,17500,4.94,41065,0
[멀티비타민+밀크씨슬+루테인+오메가3]GNM 올인원 뉴트리션 멀티비타민 3박스,GNM 자연의품격,100900,4.91,3155,
"비타바움 성인 액상 멀티비타민 30개입, 1개",비타바움,94400,4.8,26471,0
한팩에 멀티 종합비타민+밀크씨슬+ 오메가3+루테인+코큐텐 GNM 멀티팩 1박스,GNM 자연의품격,40900,4.9,12377,
"[42병] 닥터린 멀티비타민미네랄 이뮨샷 종합비타민 14개입, 3개",닥터린 공식스토어,76000,,,
"종근당건강 아임비타 앰플 멀티비타민 이뮨샷 50개입, 2개",종근당건강,174440,4.93,1015,0
종근당건강 아임비타 멀티비타민 데일리 6개월분,종근당건강,36900,4.86,5325,0
코스트코 비타민젤리 엔젯오리진 귤젤리 어린이 성인 비타민C D 구미 3통,엔젯오리진,29900,4.89,6580,0
"고려은단 멀티비타민 구미 4g x 60구미, 3개",고려은단몰,31900,4.84,1056,
임신초기 활성형 엽산 임산부 종합 영양제 마더스케어 올인원 플러스 1단계,고려은단몰,54900,4.94,5417,0
"[비판톨 립크림, 손수건 증정] 메네비트 남성 임신준비 멀티비타민 엽산 30정, 2개",바이엘공식판매처,55160,4.9,246,0
오쏘몰 이뮨 오쏘뮬 샷 마시는 비타민 올인원영양제 30일 30개,바이엘공식판매처,85300,4.9,246,
"연세 키즈텐 초등학생 어린이 유아 종합 멀티 비타민 미네랄 꾸미 젤리 60구미, 1개",키즈텐,23000,4.89,4859,0
한미약품 텐텐 영양제 멀티비타민 100정 2개 어린이 청소년 대용량 텐텐맛,키즈텐,28210,4.89,446,0
"안국약품 브이팩 여성용 올인원 종합 멀티 비타민미네랄 30포, 3개",안국약품,86000,4.86,2341,0
센트룸 실버 포 우먼 멀티비타민 코스트코 112정 종합비타민 영양제,안국약품,36970,4.83,4678,0
"닥터파이토 비건 멀티비타민 미네랄 700mg x 120정, 4개",닥터파이토,98000,4.83,4261,0
"세노비스 트리플러스 이뮨 맨 80캡슐, 4개",세노비스몰,106000,4.82,1887,0
해외오쏘몰 이뮨 30개입 액상 드링크 독일 멀티 비타민 오르토몰,세노비스몰,88900,4.86,41655,0
종근당 아임비타 멀티비타민 이뮨샷 30병 마시는 비타민 올인원 멀티영양제,네츄럴라이프 공식몰,51860,4.86,481,0
"미니막스 정글 멀티비타민미네랄 복숭아맛 4g x 60구미, 1개",동아제약,23760,4.91,7924,
"연세 키즈텐 초등학생 어린이 유아 종합 멀티 비타민 미네랄 꾸미 젤리 60구미, 2개",키즈텐,46000,4.89,4859,0
1+1 한미약품 텐텐 영양제 멀티 비타민 어린이 청소년 대용량 100정,키즈텐,25640,4.87,1037,0
여성 우먼 종합 멀티비타민 영양제미네랄 2개월,네이처 메이드,24500,4.87,5325,0
"익스트림 남성 올인원 영양제 멀티 종합 비타민 멀티팩 포맨 30포, 1개",익스트림공식스토어,38900,4.91,4098,0
"동국제약 마이핏V 멀티비타민 이뮨128 마시는 액상비타민 14개입, 3개",동국제약 뉴트리션,75560,,,0
"종근당건강 아임비타 앰플 멀티비타민 이뮨샷 50개입, 1개",종근당건강,99120,4.93,1015,0
암웨이 더블엑스 리필 종합 비타민 무기질 372정,종근당건강,66500,4.89,3024,
네이버 단독 멀티비타민 오쏘몰 이뮨 7일분 + 바이탈F 7일분 + 쇼핑백,동아제약,61010,4.91,619,
[센트룸] 우먼 더블업 멀티 비타민B군 미네랄,센트룸 공식스토어,28000,,,0
"데이팩 올인원 멀티비타민 이뮨샷 (액상 25ml + 정제 750mg + 연질 500mg) x 30개입, 3개",데이팩 공식몰,118000,4.84,815,
"구트할로 발포 비타민C 500 레몬맛 비타민 4,500mg 20정, 5개",데일리원,15960,4.86,2292,0
"종근당건강 아임비타 앰플 멀티비타민 이뮨샷 30개입, 1개",종근당건강,61200,4.92,3770,0
"세노비스 트리플러스 우먼 오메가3 이뮨 여성 멀티비타민 미네랄 80캡슐, 1개",세노비스몰,33900,,,0
"여성 멀티 세트(종합비타민+칼슘,마그네슘,D)",네이처 메이드,43500,4.88,472,0
엘레뉴 임산부 종합 멀티 비타민 56정 1단계,바이엘공식판매처,20900,4.87,21581,
[2+1]오한진 원데이팩 하루한포영양제 3개월,데이즈온공식스토어,64800,4.92,914,
종근당 아임비타 멀티비타민 이뮨플러스 28병 마시는 액상 비타민 올인원영양제,네이처 메이드,46430,4.85,512,0
"바이오스라이프 이 에너지 멀티비타민 9g x 30포, 1개",네이처 메이드,78400,4.8,110,
"비타바움 청소년 액상 멀티비타민틴즈 12개입, 1개",비타바움,38630,4.89,1059,0
"테라랩 제노스퍼 남자 임신준비 영양제 활성엽산 건강기능식품 1,000mgx120정",테라랩,48000,4.88,3218,0
"삼진제약 위시헬씨 하루엔진 이뮨 부스터샷 30개입, 1개",삼진제약,59900,4.88,4280,
"[슈퍼적립10%+사은품] 세노비스 트리플러스 우먼 오메가3 이뮨 여성 멀티비타민 미네랄 80캡슐, 4개",세노비스몰,106000,,,0
센트룸 멀티구미 젤리 40 어린이 청소년 성인 남성 여성 올인원 비타민 미네랄 종합 영양제,센트룸 공식스토어,16800,4.81,4049,
"뉴트리원 장용성 종합 비타민 미네랄 이뮨 플러스 멀티비타민 30캡슐, 3개",뉴트리원공식스토어,30900,4.84,7762,0
"세노비스 트리플러스 맨 오메가3 이뮨 남성 멀티비타민 미네랄 80캡슐, 1개",세노비스몰,33900,,,0
"세노비스 키즈 멀티비타민 미네랄 구미젤리 3g x 60구미, 2개",세노비스몰,35810,4.78,3890,0
센트룸 멀티구미 키즈 x3개입 9가지 비타민,센트룸 공식스토어,38000,,,0
"뉴트키즈타민 멀티비타민 아연 2g x 30포, 4개",정담건강,88320,4.75,20626,0
암웨이 더블엑스 리필 종합비타민무기질,정담건강,67000,4.83,12078,
차일드라이프 멀티비타민앤미네랄 1병 키즈 유아 어린이 종합영양제 액상,온누리Store,28300,4.88,3842,
미니막스 정글 어린이멀티비타민 미네랄 딸기2통,동아제약,62080,4.88,6385,
"유니시티 바이오스 라이프 이에너지 E 에너지 멀티비타민 9g 30포, 1개",동아제약,78300,4.9,402,0
엔지뉴트 수프림 3580mg x 30포 임산부 여성 남성 종합 영양제 활성 엽산 1360,동아제약,69000,4.92,894,0
"세노비스 여성용 멀티비타민 미네랄 1.59g x 60캡슐, 1개",세노비스몰,28500,4.8,979,0
"[슈퍼적립10%+사은품] 세노비스 트리플러스 맨 오메가3 이뮨 남성 멀티비타민 미네랄 80캡슐, 3개",세노비스몰,81900,,,0
"썬라이프 멀티비타민 미네랄 오렌지맛 4400mg x 20정, 6개",세노비스몰,20000,4.84,2127,0
닥터에디션 닥터 맘스2 임신 중기 철분 비타민 종합영양제 120정,세노비스몰,40000,4.93,1761,0
"뉴트원 멀티비타민 올인원 1200mg x 30정, 1개",뉴트원,19100,4.84,1855,0
[센트룸] 키즈 멀티 비타민 미네랄 x3개입,센트룸 공식스토어,74000,4.92,947,0
마이타민 업 어린이 멀티비타민 영양제 20g x 60포,센트룸 공식스토어,84000,4.92,947,0
독일 피엠쥬스 3종세트 파워칵테일 액티바이즈 리스토레이트 피트라인 종합비타민 영양제,센트룸 공식스토어,129500,4.79,756,
SET)50대 필수 종합 올인원 영양제 비타민,데이팩 공식몰,50900,4.78,172,0
대웅제약 합쎈 1박스(1개월분) / 오메가3 비타민B C D 유산균 마그네슘 아스타잔틴,대웅제약 공식건강몰,57900,4.78,172,0
종근당 아임비타 멀티비타민 이뮨플러스 샷 2박스(14병) 올인원영양제 마시는 액상 비타민,대웅제약 공식건강몰,22170,4.86,265,0
"비타민스토리 맥스 멀티비타민 앤 미네랄 포틴 800mg x 90정, 1개",팜스빌,34000,4.83,1949,
유니시티 바이오스 라이프 E에너지 유니시티이에너지 멀티비타민,센트룸 공식스토어,82900,4.77,122,0
얼라이브 원스데일리 멀티/포맨/ 우먼 60정 비타민B군 미네랄 종합영양제,센트룸 공식스토어,22900,4.78,99999,0
"뉴트리원 초임계 비타민 K2 메나퀴논+D3 30정, 6개",뉴트리원공식스토어,65900,4.75,1127,0
센트룸 멀티구미 130구미 코스트코 어린이 영양제 종합비타민,뉴트리원공식스토어,27490,4.87,2510,0
"비타바움 멀티비타민 틴즈 플러스 브이 컴플렉스15 10ml x 30개입, 1개",비타바움,94400,4.89,1059,
"나우푸드 이브 우먼스 멀티비타민 60정, 3개",나우푸드코리아,57000,,,0
닥터에디션 닥터 퍼틸리티 우먼 액티브 오메가 코엔자임 Q10 멀티비타민 미네랄 예비 엄마의 건강한 임신을 위한 준비 임신준비 영앙제,나우푸드코리아,81000,4.88,4948,0
[3+1]오은영 어린이 멀티비타민 젤리구미,락티브,98000,4.88,4948,
네이처드림 마시는영양제 이뮨 멀티비타민 42병,네이처드림,49250,4.86,2475,0
"내츄럴플러스 리포좀 데일리 멀티비타민미네랄 1100mg x 30정, 3개",내츄럴플러스,34110,4.86,213,
"뉴트리원 올인원 영양제 멀티 종합 비타민 이뮨 샷 14개입, 2개",뉴트리원공식스토어,62500,4.85,849,0
닥터에디션 닥터 퍼스트맘2 800mg X 60캡슐 X 2EA (2개월분) 영양제,뉴트리원공식스토어,75000,4.92,2663,0
센트룸 키즈 125정 어린이 종합비타민 영양제 츄어블정 코스트코 대량,뉴트리원공식스토어,29190,4.86,722,
"동국제약 마이핏V 멀티비타민 이뮨128 마시는 액상비타민 14개입, 2개",동국제약 뉴트리션,55900,,,0
종근당 종합 비타민 멀티 영양제 12개월분,동국제약 뉴트리션,29300,4.79,5758,0
해외오쏘몰 이뮨 드링크+정제 30일,동국제약 뉴트리션,83500,4.88,6090,0
"더블유젯바이오 옵티젠 이뮨 멀티비타민 미네랄 (액상 20ml + 정제 450mg x 2정) x 30개입, 1개",더블유젯,83900,4.86,149,0
뉴트키즈타민 어린이 멀티비타민 아연 30포,정담건강,29440,4.75,20626,0
[멀티비타민+밀크씨슬+루테인+오메가3]GNM 올인원 뉴트리션 멀티비타민 2박스,GNM 자연의품격,67900,4.9,770,
어린이영양제 젤리 잘크톤 블루베리맛 15g × 30포,GNM 자연의품격,20400,4.96,81,
비타바움 마시는 비타민 멀티비타민 12개입,비타바움,38630,4.89,1220,
"비타바움 멀티비타민 플러스 브이 컴플렉스 15 10ml x 12개입, 1개",비타바움,38630,4.89,1220,0
센트룸 멀티 구미 130정 코스트코 어린이 종합 비타민 츄어블 미네랄 젤리 영양제,비타바움,27370,4.86,416,0
"비타바움 어린이 액상 멀티비타민키즈 30개입, 1개",비타바움,94400,4.91,4398,
대웅제약 합쎈 3박스(3개월분) / 오메가3 비타민B C D 유산균 마그네슘 아스타잔틴,대웅제약 공식건강몰,147900,4.81,222,
센트룸 우먼 더블업 멀티 비타민 미네랄 112정 코스트코,대웅제약 공식건강몰,30430,4.85,1126,0
마이필 1436품 임신 중기 임산부 영양제 오메가3 비타민D 철분 올인원 멀티팩 영양제,대웅제약 공식건강몰,45800,4.96,1533,0
닥터에디션 닥터 퍼스트맘3 리뉴얼 850mg X 180정(153g) (3개월분) 출산후 영양제 수유기 영양제,익스트림공식스토어,78000,4.9,755,0
비타민탱크,익스트림공식스토어,2700,4.82,30376,
발포비타민 독일 비타하임 멀티비타민 20정 마시는 멀티 비타민,익스트림공식스토어,2700,4.82,30376,
"순수식품 종합비타민 미네랄 20 1000mg x 90정, 1개",순수식품,9970,4.83,8423,
네추럴라이즈 24종 슈퍼그린 멀티비타민 세트,Naturalize,38900,4.82,1255,0
"종근당 이뮨 듀오 멀티비타맥스 액상비타민 종합 이뮨멀티비타민 24개입, 1개",Naturalize,57000,4.87,13786,0
"솔가 여성용 멀티비타민 앤 미네랄 2164mg x 30정, 3개",솔가 공식스토어,83100,4.88,2113,
가든오브라이프 유기농 여성 종합 멀티비타민,센트럴팜,52000,4.85,1354,0
암웨이 더블엑스 리필 종합비타민 무기질,센트럴팜,67000,4.85,3726,
비타튼튼 유아 키즈 어린이 아기 멀티비타민 종합 젤리 15포,바료랑,15300,4.95,988,0
메리루스 모닝 액상 종합멀티비타민 미네랄 라즈베리맛 고함량 비오틴 유아 어린이 성인 온가족,센트럴팜,76000,4.79,1716,0
"뉴트리코어 초임계 비타민 K2+D3 300mg x 30정, 1개",뉴트리코어,21000,4.76,2567,
"뉴트리코어 멀티비타민 미네랄 500mg x 720정, 1개",뉴트리코어,234000,4.75,27093,0
"YDY뉴트리션 풀스펙 멀티비타민 1150mg x 60정, 4개",YDY뉴트리션,78000,4.9,732,
"순수식품 이뮨 올인원 종합 멀티비타민 20 (액상 20ml + 캡슐 500mg + 정제 600mg) x 14개입, 2개",순수식품,36000,4.88,1081,
[리뉴얼] 이지맘 스텝2 활성엽산 임산부 종합비타민 멀티 영양제 임신 중기,순수식품,34500,4.83,1467,
"GNC 메가맨 멀티비타민 미네랄 (1,000mg 90정 45일분) x 3병 총135일분",GNC공식스토어,65900,4.89,1558,
"함소아 면역비타민 레드 600mg x 60정, 1개",함소아공식몰,20900,4.86,2440,
해외센트룸 250정 대용량 포우먼 실버50세이상 성인 여성 캐나다 종합멀티비타민,함소아공식몰,38900,4.92,1409,
"광동생활건강 비타500 데일리 이뮨샷 (액상 20g + 정제 750mg x 2정) x 7개입, 4개",광동생활건강,47900,4.89,245,0
"보령 판티오 이뮨 비타 올케어 (액상 25ml + 정제 800mg x 2정) x 7개입, 1개",광동생활건강,26400,4.98,512,0
뉴트리코어 키즈 멀티비타민 아이 유아 키즈 WCS 맛있는 분유맛 (1개월),뉴트리코어,46000,4.73,14415,
6개월)50대 필수 종합 올인원 영양제 비타민,데이팩 공식몰,193030,4.88,12134,
"비타민마을 퍼펙트 이뮨 플러스 마그네슘 액상 멀티비타민 (액상 20ml + 정제 600mg x 2정 + 캡슐 500mg) x 7개입, 4개",비타민마을,44900,4.88,1784,0
"아임비타 멀티비타민 이뮨샷 (액상 20ml + 정제 700mg + 캡슐 500mg) x 30개입, 1개",비타민마을,51870,4.84,11329,0
독일 비타하임 발포비타민 에너지음료 20정 물에 타먹는 발포정 마시는 비타민 C,비타민마을,2800,4.84,11329,0
"센트룸 실버 우먼 멀티비타민 미네랄 1514mg x 112정, 1개",비타민마을,35370,4.84,685,0
"GNC 우먼스울트라메가 멀티비타민 앤 미네랄 1000mg x 90정, 2개",GNC공식스토어,47900,4.87,4283,
"함소아 면역비타민 옐로우 1500mg x 60캡슐, 1개",함소아공식몰,20900,4.9,7452,0
"세노비스 남성을 위한 멀티비타민 미네랄 1.57g x 60캡슐, 1개",세노비스몰,28510,4.8,798,0
"비타바움 멀티비타민 키즈 플러스 브이 컴플렉스 15 10ml x 30개입, 1개",동국제약 뉴트리션,92870,5,3,0
[네이버단독] 네추럴라이즈 어린이 꾸미 영양제 5종 멀티비타민 유산균 오메가3+쇼핑백 포함,Naturalize,53100,4.86,1315,
"네이처그랜드 멀티비타민 꾸미 2.2g x 90구미, 2개",네이처그랜드,26910,4.89,441,
"비타민마을 MK-7 초임계 비타민 K2 + D3 500mg x 30정, 3개",비타민마을,29900,4.81,724,0
건강을 모아담다 모듬팩 하루 한팩 남성 여성 올인원 종합 영양제 멀티 비타민 미네랄 피로회복,비타민마을,28900,4.87,747,0
"세노비스 멀티비타민 미네랄 구미 3g x 60구미, 2개",세노비스몰,37050,4.83,2507,0
"뉴트리코어 멀티비타민 성인 남성 여성 어린이 NCS WCS 180정, 1개",뉴트리코어,76000,4.75,27093,
해외센트룸 250정 대용량 포맨 실버50세이상 성인 남성 캐나다 종합멀티비타민,뉴트리코어,38900,4.9,870,
"블랙모어스 멀티비타민 플러스 에너지 1123mg x 30캡슐, 3개",블랙모어스,23310,4.87,498,0
센트룸 우먼 더블업 112정 멀티비타민,블랙모어스,29990,4.86,253,0
"에스지 데일리 올인원영양제 남성 여성 종합비타민 멀티팩 30포, 2개",블랙모어스,68800,4.88,3753,0
닥터에디션 닥터 키즈 멀티비타 리퀴드 10 ml x 30포 어린이 종합비타민 미네랄,블랙모어스,30000,4.93,1515,0
"GNM자연의품격 행운충전 멀티비타민 미네랄 구미 선물세트 3g x 120구미, 1개",GNM 자연의품격,21900,4.85,1423,0
"뉴트리디데이 프리미엄 멀티비타민 앤 미네랄 1200mg x 90캡슐, 1개",뉴트리디데이,7300,4.73,629,0
"휴럼 이뮨 컴플렉스 20ml x 30개입, 1개",휴럼본사,40740,4.84,3717,0
"키즈텐 키즈 종합비타민 미네랄 볼탭 3g x 30포, 1개",키즈텐,23000,4.92,345,0
"닥터브라이언 멀티비타민 철분 츄어블 1g x 90캡슐, 1개",닥터브라이언,13900,4.9,1050,0
얼라이브 원스데일리 100정 종합비타민 미네랄 대용량 코스트코,닥터브라이언,22670,4.87,1245,
"닥터린 멀티비타민 미네랄 이뮨샷 (액상 20ml + 정제 650mg x 2정) x 14개입, 3개",닥터린 공식스토어,76000,4.85,406,
바이오렉트라 이뮨 아연 셀레늄 비타민D 20포,닥터린 공식스토어,65000,4.86,987,0
비타대장 멀티비타민 미네랄 키즈 2g x 30포 어린이 종합비타민 돌 아기 유아 영양제,닥터린 공식스토어,18000,4.85,2533,0
코어 미네랄 드롭스 50ml 천연 액상 미네랄 워터 영양제 전해질 음료 보충제,닥터린 공식스토어,22900,4.74,316,0
"키즈텐 아기 종합미네랄 비타민 액상스틱 15ml x 30포, 1개",키즈텐,23000,4.93,75,0
필라멘토 올인원 영양제 종합 멀티팩 피로회복 멀티비타민 데이터픽 1개월,키즈텐,33990,4.93,287,0
솔가 남녀 멀티비타민 선물세트 (남성용+여성용 멀티비타민 미네랄 60정),솔가 공식스토어,90600,4.89,848,
"미니막스 정글 멀티비타민 미네랄 딸기맛 4g x 60구미, 2개",동아제약,62080,4.88,6385,0
"아약 이뮨 멀티팩 3100mg x 28포, 1개",동아제약,49500,4.89,1537,0
"포뉴 멀티비타민미네랄 600mg x 180정, 1개",포뉴,34000,4.79,2523,0
"함소아 면역비타민 블루 1500mg x 60캡슐, 1개",함소아공식몰,20900,4.87,5907,
네이처스팜 마이타민 업 60포 어린이 멀티비타민 비타민B 아연 나이아신,네츄럴라이프 공식몰,83900,5,18,0
비타민엔젤스,네츄럴라이프 공식몰,19800,4.88,2897,
"비타민엔젤스 나눔비타민 사랑주는 어른용 500mg x 120정, 1개",네츄럴라이프 공식몰,19800,4.88,2897,
종합영양제 센트룸 실버프로 120정 멀티비타민 50세이상,네츄럴라이프 공식몰,31700,4.79,77,0
"아이클키즈 씹어먹는 멀티비타민 철분 1200mg x 90정, 1개",아이클키즈 공식몰,20000,4.88,184,0
"엔썸잇 뼈건강엔 비타민K2 MK7 메나퀴논 350mg 트랜스 90정, 1개",엔썸잇,22900,4.76,330,0
동아제약 셀파렉스 하루한포 종합비타민 에센셜 1박스(30일분/4종 택1),엔썸잇,25120,4.87,4772,0
"[칼슘 츄잉정 증정] GNM 어린이 종합비타민 구미 젤리 UP 60캡슐, 3개",GNM 자연의품격,27900,4.93,1187,0
"[무료배송] 2달분 의사가 만든 상큼한 근거기반 종합비타민 멀티영양제 직장인 임산부 흡연자O 1.1g, 60개",닥터에비던스,37850,4.93,1228,0
"암웨이 뉴트리키즈 비타민 무기질 1.55g x 120정, 1개",닥터에비던스,37800,4.79,1220,
오쏘몰 이뮨 멀티 비타민 7일 선물 포장 오쏘뮬 마시는 액상 종합 올인원영양제,닥터에비던스,36880,4.95,1301,0
"더블유젯바이오 옵티젠 이뮨 멀티비타민 미네랄 (액상 20ml + 정제 450mg x 2정) x 7개입, 2개",더블유젯,48000,4.92,300,0
일양약품 리얼 멀티 종합 비타민 미네랄 21 종합비타민 멀티비타민 종합영양제 남성 여성 영양제,더블유젯,30420,4.79,979,0
비타바움 뼈건강 성인 멀티비타민 MaxD 30개입,비타바움,96370,4.88,136,0
하루한포영양제 하루한팩 올인원 솔루션 멀티 고등학생 수험생 종합영양제 30포,비타바움,21480,4.91,232,0
로트벡쉔 이뮨 플러스 11 비타민 미니 125ml 24병 종합 멀티 영양제 코스트코,비타바움,34390,4.92,314,0
"삼진제약 위시헬씨 하루엔진 이뮨 부스터샷 7개입, 2개",삼진제약,32900,4.88,4280,
"함소아 비타민젤리 딸기맛 2.5g x 100구미, 1개",함소아공식몰,20900,4.86,6282,
"GNC 셀렉트 원데일리 이뮨 구미 제로슈가 멀티비타민 60구미, 1개",GNC공식스토어,16900,4.84,190,
[3+1]영롱 멜라치온 미네랄 [6종 복합제] 갑상선 요오드 아이오딘 셀레늄 크롬 영양제,영롱 YOUNGLONG,83390,4.82,1739,0
"솔가 네이처바이트 종합비타민 위드 미네랄 1612.57mg x 30정, 3개",솔가 공식스토어,84700,4.93,521,
[사은품] 캐나다 멀티비타민 종합영양제 남성 여성 올인원 영양제 비타민K1 바이타민 천연부원료,솔가 공식스토어,56600,4.79,1075,0
엔젯오리진 비타민 귤 젤리 비타프레쉬 꾸미 코스트코 엔젯오리진 구미 어린이 영양제 젤리,덴프스,24800,4.84,62,0
마이타민 업 어린이 멀티비타민 영양제 20g 60포,덴프스,89800,4.95,100,0
애터미 파워비타에너지 멀티비타민 미네랄 (30포),덴프스,28900,4.86,222,0
테라랩 제노스퍼 남자 임신준비 영양제 활성엽산 건강기능식품 2세트,테라랩,94000,4.86,599,0
닥터에디션 닥터 맘스2 550mg X 120정 (2개월분) 임신중기 영양제,테라랩,40000,4.91,1421,0
오쏘몰 이뮨 멀티비타민 앤 미네랄 정제 + 액상 30개 1개월분 1상자 쇼핑백 증정,테라랩,83000,4.94,144,0
"남유네 키즈 이뮨 멀티비타민 10ml x 30포, 1개",남유네 NAAAMYUUU,28000,4.85,340,
"종근당 이뮨 멀티비타민 올인원영양제 멀티팩 종합비타민 30포, 1개",남유네 NAAAMYUUU,38600,4.98,87,0
"내츄럴플러스 잔티바 프리미엄 멀티비타민 앤 미네랄 4500mg x 20정, 4개",내츄럴플러스,13480,4.84,4365,0
한미 추억의 텐텐 츄정 2박스 160정 어린이 츄어블 멀티비타민 딸기맛 키즈 종합비타민,내츄럴플러스,31960,4.89,1520,0
[한국암웨이] 틴즈팩 /이뮨업팩(60팩 30일분)/어린이 청소년 종합영양제,내츄럴플러스,127700,4.81,385,0
애터미 파워비타에너지 종합 멀티비타민 미네랄 30포 1개월분,내츄럴플러스,28800,4.88,276,
비타민먹자,내츄럴플러스,160000,4.86,452,0
유사나 헬스팩 천연 멀티비타민 종합영양제,내츄럴플러스,160000,4.86,452,0
"동국제약 마이핏V 멀티비타 이뮨 128 (액상 20ml + 캡슐 500mg + 정제 600mg) x 8개입, 1개",동국제약 뉴트리션,21900,4.88,9871,0
데이라이프 어린이 종합 멀티 면역 비타민 아기 유아 영양제 키즈 비타민&미네랄 면역 올인원,동국제약 뉴트리션,27000,4.89,822,0
닥터에디션 닥터 퍼틸리티 우먼 액티브+퍼틸리티 맨 액티브 세트 코큐텐 코엔자임Q10 남성 여성 임신준비 영양제,동국제약 뉴트리션,163000,4.9,855,0
"안국건강 안심 멀티비타민 미네랄 1000mg x 60정, 2개",안국건강,33900,4.77,2825,0
"종근당건강 아임비타 멀티비타민 미네랄 구미 3g x 60구미, 1개",종근당건강,14900,4.84,131,0
어린이비타민 한미 추억의 텐텐 츄정 8봉 80정 1BOX 키 즈 아이 성장기 멀티,종근당건강,14480,4.86,1955,0
닥터포이 웰키커 어린이 키즈 영양제 멀티비타민 외 9종,닥터포이,10900,4.84,2348,0
해외센트룸 종합비타민 성인용 100정 호주 멀티비타민 대용량,닥터포이,15000,4.76,61013,0
포베라 베이비 아기 비타민D 아연 돌 유아 면역 영양제,포베라 Povera,21900,4.92,496,0
베로카 발포비타민 60정 멀티 종합 비타민 영양제 물에타먹는 마시는 에너지 코스트코,포베라 Povera,27320,4.89,1372,0
올인원 이뮨 바이탈 멀티 비타민 샷 42병 6주분 물없이 마시는 액상 종합 영양제,네이처드림,49250,4.86,2475,0
베로카 발포비타민 에너지음료 마시는 비타민 30정 코스트코,네이처드림,11590,4.84,1832,
뉴로랩스 그랜티정 포뮬러 60정 갑상선 호르몬 합성 / 요오드 셀레늄 영양제+약 케이스,뉴로랩스,51000,4.86,795,0
해외센트룸 실버 포우먼 50+멀티비타민 250정 캐나다 직배송,뉴로랩스,28800,4.86,2964,
"익스트림 올인원 영양제 멀티 종합 비타민 뉴트리션 이뮨 데일리팩 30포, 1개",익스트림공식스토어,35900,4.94,80,
"닥터닥터스 멀티 비타민 미네랄 1000mg x 120정, 1개",닥터닥터스,42000,4.85,865,
브리오 비타민,닥터닥터스,9900,4.82,3006,0
브리오 종합비타민 미네랄 맥스 60정(2개월분) 온가족 여성 남성 청소년 수험생 어린이 멀티비타민 무기질 종합영양제,닥터닥터스,9900,4.82,3006,0
[약국] 헤어메스 바이오렉트라 이뮨 아연 셀레늄 20포,닥터닥터스,65000,4.94,302,0
독일 비타하임 발포비타민 에너지음료 20정x5개 (100정) 면역력 마시는 비타민 발포정,닥터닥터스,13800,4.84,1758,0
"활성형엽산 800ug 비타민B,D 아연 복합제 2달분 120정 (Quatrefolic) 5-MTHF 엔지폴BD플러스",닥터닥터스,50000,4.86,793,0
피에이치365 어린이 멀티비타민 미네랄 종합비타민 키즈 아이 돌 아기 초등학생 영양제,피에이치365,21500,4.91,138,0
해외발포비타민 독일 DM 미볼리스 멀티비타민 20개입,피에이치365,1850,4.84,2651,
"해외나우푸드 비타민k2 MK7 100mcg 비타민K2mk7 비타민케이투 60캡슐, 2개",피에이치365,22400,4.76,866,
메리루스 모닝 멀티비타민 열대과일맛 고함량 액상 비타민B군 비타민음료,센트럴팜,27900,4.91,610,0
임신초기 활성형 엽산 임산부 종합 영양제 마더스케어 올인원 플러스 1단계 2박스,센트럴팜,107800,4.95,316,0
"듀오락 비타면역 꾸미 84구미, 4개",듀오락 유산균,68000,4.92,1443,0
초유함유 리포좀 키즈 멀티비타민 미네랄 1200+ 어린이 영양제 미네랄 1개월분 60정,모모웰,11900,4.9,89,0
"GNM자연의품격 올인원 뉴트리션 멀티비타민 코큐텐 2700mg x 30개입, 1개",모모웰,31570,4.84,85,0
종근당 올인원 솔루션 이뮨 비타 멀티팩 3박스(3개월분) 오메가3 루테인 밀크씨슬,네이처 메이드,75170,4.98,82,
"데이즈온 원데이팩 멀티비타민 알티지오메가3 옥타코사놀 2100mg x 30포, 3개",데이즈온공식스토어,64800,4.92,914,
닥터맘스3 닥터에디션 120정 출산후 철분 산후 영양제 모유수유 수유부 철분제 종합영양제,데이즈온공식스토어,54500,4.86,1313,
"[4개월분] 락티브 베베&키즈 우리아이 멀티비타민 젤리 어린이 키즈 오은영 성분배합 60포, 4개",락티브,98000,4.88,4948,
[3+1] 뉴트리코어 x Dr 액상 올인원 종합 멀티비타민 미네랄 이뮨샷 남성 여성 WCS 23.62g x 40병,뉴트리코어,114000,4.83,528,0
대웅제약 합쎈 60캡슐 오비씨디유마아 합센 c 멀티 종합 영양제 비타민,뉴트리코어,49000,4.68,19,0
유니시티 피토파스 비타민C 비타민E 503mg 90캡슐,뉴트리코어,70100,4.85,596,0
센트룸 멀티구미 종합 비타민 젤리 영양제130정 코스트코,뉴트리코어,27410,4.84,1830,0
[리뉴얼] 이지맘 멀티비타민 2세트 수유부 산후 출산후 영양제 종합비타민,동아제약,66000,4.88,459,0
"슈퍼 멀티비타민 이뮨부스트 25ml x 10개입, 1개",동아제약,35200,5,965,0
"메디트리 이뮨 원샷 올인원 멀티비타민 (액상 20ml + 정제 600mg + 캡슐 600mg) x 30개입, 1개",메디트리 공식 스토어,52800,4.89,419,0
내츄럴플러스 잔티바 발포 멀티비타민 미네랄 20정 12통(240일분)+보틀,내츄럴플러스,31410,4.85,2641,0
"종근당건강 아임비타 프리미엄 멀티비타민 맥스 2.7g x 30포, 1개",종근당건강,34000,4.92,239,0
센트룸 종합비타민 멀티 미네랄 포 우먼 50+투명 실버 알약케이스 코스트코,종근당건강,24720,4.81,99999,
올키X헬로카봇 비타젤리 맛 3종 (45포) 성장기 어린이 비타민 아연 젤리,아주헬스케어,33000,4.88,7189,0
"해외저스트글로우 비타민 K2 D3 K2MK7 D3K2 메나퀴논 효능 180캡슐, 2개",아주헬스케어,47800,4.83,663,0
[평점4.8] 영롱 멜라치온 미네랄 갑상선 요오드 셀레늄 크롬 영양제 1개월 분,영롱 YOUNGLONG,27000,4.78,1196,0
유한양행 센스밸런스 플러스 멀티비타민 앤 미네랄 75정+75정 (총 150정),유한양행 본사직영몰,64000,4.9,695,0
"에스더포뮬러 울트라 플러스 멀티비타민 미네랄 850mg x 90정, 3개",에스더포뮬러,99000,4.88,40,0
"하루틴 리포좀 멀티비타민 부스터샷 (액상 20ml + 정제 700mg + 캡슐 500mg) x 7개입, 1개",하루틴 공식스토어,48900,4.89,126,0
비타민E 영양제 3개월 항산화 셀레늄 D알파 토코페롤 400IU 지용성 고함량,하루틴 공식스토어,21800,4.8,546,0
"메디트리 이뮨 원샷 올인원 멀티비타민 (액상 20ml + 정제 600mg + 캡슐 600mg) x 7개입, 5개",메디트리 공식 스토어,75800,4.82,322,0
"뉴트리코어 멀티비타민 미네랄 이뮨샷 (액상 20ml + 정제 750mg x 2정) x 10개입, 1개",뉴트리코어,36000,4.83,715,0
"솔가 여성용 멀티비타민 60정, 1개",뉴트리코어,12900,4.81,17782,0
"독일 로트벡쉔 이뮨샷 액상 종합멀티비타민 마시는 올인원 비타민플러스 10개입, 1개",로트벡쉔 코리아,61900,4.87,176,0
"솔가 남성용 멀티비타민 앤 미네랄 2196.38mg x 110정, 1개",솔가 공식스토어,84800,4.89,2614,0
"GNM자연의품격 올인원 이뮨 액상 종합비타민 트리플샷 (액상 25g + 캡슐 330mg x 2캡슐 + 정제 600mg）x 7개입, 2개",GNM 자연의품격,35900,4.9,1326,
"한삼인 멀티비타G 이뮨샷 (액상 30ml + 정제 700mg + 캡슐 500mg) x 10개입, 2개",농협홍삼 한삼인,70000,4.89,108,0
"함소아 면역비타민 브이업 1000mg x 90정, 1개",함소아공식몰,12900,4.88,8850,0
"이너랩 멀티비타민 미네랄 이지퍼펙트 850mg x 60정, 1개",셀트리온 이너랩,15900,4.93,1478,0
네이처메이드 멀티 포 우먼 ＋ 멀티 포 맨 커플 멀티비타민 세트 1개,네이처 메이드,48000,4.9,613,0
마이타민 업 비타민B 나이아신 아연 어린이영양제 20g x 60포 [원산지:상세설명에 표시],네이처 메이드,86000,4.95,185,0
해외2+1 라이프익스텐션 투퍼데이 종합 멀티 비타민 V2 60정,네이처 메이드,40400,4.8,614,
"센트룸 멀티 구미 2g x 130구미, 1개",네이처 메이드,25390,4.89,227,
수능특가 고등학생 고3 만성피로 면역력 수험생 집중력 영양제 하루힘홍삼 1박스,네이처 메이드,49000,4.89,169,
엘리타민 키즈 비타민 청소년 초등학생 영양제 2BOX 30일,네이처 메이드,85900,4.87,186,0
뉴트리포유 실속형 듀얼 이뮨샷 액상 멀티비타민 미네랄 영양제 30개입 피로회복 종합영양제,네이처 메이드,44910,4.87,110,0
마이타민 1박스 + 리퀴드씨엠 1박스 세트 멀티비타민 미네랄,네이처 메이드,168800,4.86,118,0
솔가 캉가바이츠 어린이 종합비타민&미네랄 76츄어블정,네이처 메이드,10900,4.8,984,
"락피도 액상 멀티비타민 10ml x 30포, 2개",락피도,35500,4.95,196,
