node,node_df,node_tf,node_cluster,node_centrality,node_svd_c1,node_rank
비타민,110,142,4,7.295404916717352,0.6935821373882068,6.544987607472911
꾸준히,61,65,4,5.152165130790909,0.5669381130608858,3.0596265092851325
영양제,22,25,1,22.86151008607402,0.5014211576480052,2.5923537651166346
맛있어요,33,33,1,10.498164332677208,0.2387202168891974,1.794245440083452
컬리에서,19,19,1,17.58253321476204,0.29648436940979256,1.7456201155636275
편하고,25,26,1,12.445915472144007,0.2285722254982919,1.5519330189295695
믿고,18,18,1,15.073475631946025,0.43808204588719385,1.510126762347647
아침에,14,14,1,17.66318117562942,0.34198926729826246,1.4963609473812964
아이가,28,29,1,10.080216176167209,0.16943549404880265,1.4544294634803931
해서,20,21,4,11.291992525048473,0.7817402256588589,1.4333216650097498
선물용으로,28,29,1,9.369146588911008,0.18276746735493274,1.3901674154241874
맛도,26,28,4,7.231893649624308,0.4802861568469399,1.2302610356975152
마그네슘,20,20,5,9.122239370401752,0.5873299515948545,1.1031426791248977
도움이,9,10,4,14.285414626443998,0.6759648004775841,1.062911258281346
오메가,8,12,1,15.590473924518214,0.4117325157175861,1.0546684077373614
효과가,20,21,1,10.236913073038142,0.18808539993801118,1.031299013973965
간식처럼,4,4,4,16.85150553301556,0.5740952838597024,0.9713289334825121
상품을,5,6,0,17.62986242029377,0.18232552310116815,0.9256860186581043
하지만,6,7,1,16.458811370039545,0.2846314455080737,0.9160328574387118
아니라서,3,3,4,17.026900788928728,0.5343349974972833,0.9129364891410698
액상,5,5,1,16.52145886975449,0.3817704811581812,0.8982706955563169
간편하게,16,16,5,9.402647821782907,0.5455652727420932,0.886191436235799
한번에,14,14,1,11.317707735106108,0.3219418675695999,0.8533972947509536
크기가,10,10,1,13.410685422235256,0.341931364284172,0.8481166028777619
선물로,16,18,1,10.415685161376366,0.18769907095370944,0.8414584433866804
번에,3,3,5,14.57853913735481,0.8518505221885971,0.8274532512405254
멀티비타민,20,22,3,6.8572276989818155,0.41509068080195466,0.8242335369359683
칼슘,7,8,5,12.990480453364995,0.6567583026354068,0.8121227790247235
피곤하고,4,4,1,16.403292046310682,0.3419984721946809,0.8105904745956769
한번,11,12,0,12.111835203307841,0.37951001107239013,0.8099198094439298
추천합니다,8,8,5,12.005396009531475,0.7447318200415973,0.7972915188960884
상큼한,5,5,5,13.470289127806225,0.7830014866759187,0.794510497361574
깔끔해서,3,3,1,16.170844334550512,0.39718604557354653,0.7589835672477336
마음에,6,6,5,12.525258014142041,0.7856764042559402,0.757594297924774
분들께,4,4,5,14.804317604968356,0.5547663494074794,0.7574652429143401
가격도,12,12,1,11.869208390971842,0.2433050471674389,0.7570744349157951
매일,17,17,1,9.328736174136052,0.18805642103095063,0.7561025708104998
도펠헤르츠,3,3,5,14.862237289185007,0.6463647801429763,0.7530242177797852
마켓컬리에서,3,3,5,15.305900200286578,0.543930799372608,0.7460691259312423
드린,4,4,0,16.540637989727877,0.18008846194632924,0.7433477691633616
효과,16,18,1,9.379000460811747,0.1863846038885466,0.7373951946355859
나은,3,3,0,17.13095805128009,0.1481588830576304,0.7302575513694588
비타민은,9,9,1,13.054174691167688,0.2726204955756825,0.7218951527769438
영양제는,6,6,5,13.049651982600995,0.6067921193849684,0.7204726141369091
눈에,3,4,5,14.232887181664614,0.6429314330390699,0.7050946650955054
가방에,3,3,5,15.240042238721388,0.4709761359430075,0.7030282806112609
거부감,5,5,5,13.519955952253646,0.5755406279089119,0.6957501511174377
비타민을,13,14,6,8.201722485523575,0.7059229427688809,0.6951004089739684
상품의,5,7,0,15.333289619204859,0.1437082797341656,0.6938668806783069
고객님의,3,4,0,16.49345047665412,0.16486725294216695,0.6915836244137714
부담,8,8,5,11.36041950721297,0.6519406909055963,0.6865686710628529
타입이라,3,3,5,14.569916096240531,0.5547145349587204,0.6780480086069645
건강을,5,6,5,12.649565821438047,0.6679075368501177,0.6716703496028581
불편을,3,4,0,16.2291599305878,0.16707099215528817,0.6663231537466001
선물,16,17,1,8.550218677424569,0.23692105682482653,0.6634284944891599
몸이,8,8,1,12.718604513207769,0.2956803981036102,0.6439407336877087
건강한,6,6,5,12.34638149316047,0.5789647004407475,0.6364119743780736
개별,3,3,5,14.204629462598144,0.5286596649901323,0.6285863589414629
만족스러운,4,5,0,15.254371396495682,0.1639302599697579,0.6235313657661447
제품을,7,7,6,9.473199789282942,0.9999999999999589,0.6163166592690222
하나씩,13,13,5,9.500060494090922,0.30997719412089786,0.6101006465176353
발생하지,3,3,0,15.96706125885034,0.12572540569507357,0.6029474075235622
제품이에요,4,4,5,13.427580285424897,0.5147900013393456,0.6001548249377167
젤리,12,13,1,9.702918468122105,0.32817224145495316,0.5999833273625786
일반,5,5,5,12.658188862179566,0.5534873599332811,0.5987665930110826
간편해서,6,6,5,12.824552178322923,0.40368892757908503,0.5964836382099488
알약이,6,6,5,11.849897177972268,0.5965778167580779,0.595694390416487
독일,6,7,1,12.718350169787653,0.38434395884776834,0.5927819164346046
며칠,4,4,1,13.91171215141338,0.4026706150511489,0.5923944299069218
집중력도,4,4,1,14.117129503402868,0.3554858697455248,0.5892954396880392
최선을,3,4,0,15.584641818186816,0.1301583629136036,0.5835809774461724
영양제를,6,6,5,12.183372854810168,0.49965316283267464,0.5805026995365271
내용은,3,3,0,15.512886100483758,0.1637827252755602,0.57667055995442
구미로,6,6,6,10.399128353089852,0.7929441309914981,0.5491526950721566
처음,10,10,4,9.81772322333591,0.45010273263338657,0.5438070108182159
액상이라,6,6,1,13.18887174622262,0.1896304611887267,0.5258106412422868
멀티,3,8,6,11.797689127933266,0.5922989885911899,0.5031292014397782
맛있고,5,5,1,13.105406512596765,0.24925468632055864,0.49128226308571515
깔끔하고,20,20,1,5.290569017720013,0.09287731517306815,0.47375706778345644
맛은,10,10,6,8.517768249597319,0.5636453719367167,0.47090307226334527
젤리로,4,5,4,11.84138590598224,0.5197449483977328,0.4609764948773466
미네랄,6,7,6,10.17402854881178,0.6249141136840994,0.45926020432427284
하루에,9,9,6,9.263600700865279,0.5001024719736604,0.4575205109274253
부담이,3,3,4,12.241533363975767,0.5590678639271848,0.4479753082499865
해당,3,3,0,14.181045710969373,0.13343768715887513,0.4286533864999697
컬리입니다,3,3,0,14.181045710969373,0.13343768715887513,0.4286533864999697
들어있는,5,5,6,10.353905808217306,0.6229046719999739,0.4036247446519293
점에,3,3,0,12.30789404103703,0.4521860253138325,0.40116189028600796
솔가,9,11,1,9.909537217820695,0.18504086919122972,0.39756934246979053
젤리를,4,5,6,10.401990750531118,0.6687538253252449,0.3918942149594162
부드러운,3,4,4,11.226323208297485,0.5996708084484971,0.38357215629650454
섭취,7,7,4,10.086192668196015,0.4037034935492476,0.37935846547812435
가격이,10,11,3,8.348840540120188,0.36332541215703235,0.37047108990243566
적당히,3,3,4,11.287443293447723,0.5869956132719323,0.3667694774958025
더욱,3,3,0,13.38499152864343,0.15534467065587027,0.36020123098686974
치아에,4,4,4,10.991531956065156,0.517022111651699,0.3582823657475408
알약,9,9,6,8.202797004977484,0.5096200821430893,0.3564666712231275
맘에,4,4,3,10.67103273194327,0.5643162678830311,0.34995698954723164
저에게,4,5,4,10.442330377293676,0.5692186779693846,0.3461580572061054
컬리가,8,8,0,10.239202610408174,0.17496151549035674,0.3362778566648665
평소,4,4,3,10.671032731943273,0.5289340865674418,0.3322686225302933
충분히,4,4,6,10.402177278381204,0.5794331894678757,0.33069678052907514
포함되어,4,4,3,10.489478863704331,0.5535170547526569,0.32644877326955046
굿굿,4,4,3,10.671032731943273,0.5061088791560567,0.3208577758578064
고객님께,3,6,0,12.598051706437243,0.13057592579654045,0.3190117270825963
우선,3,3,6,11.153480269119813,0.5149502287433584,0.3173899306945915
식감이,3,3,4,11.14776917228452,0.5125752842656219,0.3156329768965692
새콤달콤,4,4,3,10.933241029787904,0.44303175108969867,0.31547854012722293
아이들,9,10,1,8.905812150797036,0.24717380890289928,0.31194993754840133
모양도,3,3,6,10.962213911421708,0.5366005791008611,0.3091352072587692
느낌이에요,4,4,1,11.132234008521035,0.38921283418888436,0.30842216328398775
중에,3,3,3,11.212524129495002,0.47524779671199285,0.3034312146989347
왠지,3,3,3,11.403790486911776,0.4317077735538611,0.3007427867242329
자고,3,4,1,11.762896714946407,0.32031206706174875,0.2974358500937265
손이,3,3,3,11.212524129495002,0.4586168451700583,0.29511701914126726
적당한,3,3,1,12.123121899279704,0.26980356606139305,0.2915542461364321
함량도,5,5,3,10.424223034937164,0.3781498665115967,0.28828011008417953
커서,3,3,3,11.212524129495002,0.44320331258261686,0.28741143934666935
고객님,3,4,0,12.598051706437243,0.1305759257965404,0.2858865315145167
아무리,3,3,1,11.84038817432361,0.31025878357196707,0.28357691962883674
약간,7,7,4,8.477674777967142,0.5311070205009497,0.2826057000928408
저에게는,3,3,6,10.963992459694179,0.458905429397698,0.2704710179356065
후기입니다,3,3,6,10.791271331755773,0.4920665320031356,0.26982061428914417
통해,3,3,0,12.598051706437243,0.1305759257965404,0.2693239337304769
맛있다고,5,5,6,9.86097446789405,0.4479564802218155,0.26699572791527937
중이에요,4,4,1,11.216959311341386,0.28691869403548564,0.2657340564418795
구미,5,7,6,9.507388571327793,0.4410461665155629,0.26139719084778473
설탕,3,3,3,11.403790486911776,0.35113332382229245,0.26046176429863455
냄새가,3,4,3,11.212524129495002,0.35424138709856456,0.25949992247791576
착해서,3,3,3,11.39516744639532,0.350799364034112,0.2594346882920393
나온,3,3,3,11.212524129495002,0.3840878225689662,0.2578582449175035
하겠습니다,3,3,6,10.791271331755773,0.4679342683480455,0.25775634010905896
비타민으로,5,6,1,10.2839637340366,0.3105151567723643,0.2570401246784118
이것저것,4,4,3,10.48947886370433,0.40558993366798957,0.25249659982478256
품질,3,4,0,12.30789404103703,0.11022294836557249,0.24676927314559924
함량이,4,4,1,11.033650000032221,0.27591005116775863,0.24194604135966433
편인데,3,3,6,10.791271331755771,0.42303710624774993,0.23531121514161923
제품이라,6,6,4,8.802029154292288,0.48228311868458507,0.23454036069846662
맛이라,4,4,1,10.526446512972255,0.34383229967694184,0.22530994632215312
마침,4,4,1,11.119005501524207,0.21415962022674115,0.2195895285429378
목넘김이,5,5,3,9.928641378055374,0.3319088382757841,0.2157304065896941
가격에,5,5,3,9.928641378055374,0.3305042853486239,0.215028238245444
면역력,4,4,1,10.491095141179464,0.316897954713184,0.20831865637313216
불편하지,3,3,1,11.151154264693126,0.28967254430991735,0.20453641804703784
제품이,4,4,4,9.772155380167055,0.4517548125239518,0.204024670184716
마그네슘을,3,4,1,11.054177932079032,0.23818065042018455,0.18568394114218198
두고,3,3,1,11.089037165510483,0.25767495509566724,0.1823440965898709
아이,8,8,1,8.40835627162513,0.2109200022221174,0.17163303017762857
피로회복에,3,3,4,10.32992813857052,0.37403837438524845,0.16479805376202145
세노비스,3,3,1,10.592818204787875,0.2901475415057754,0.14908157211937845
나이트,5,5,1,9.618290060549944,0.2495362155234996,0.1435938448873437
할때,3,3,4,9.986264430966177,0.37841855623206916,0.13270840767520103
젤리라서,3,3,4,9.986264430966177,0.37485176362528094,0.13092528593549146
엽산,3,3,4,10.099924901139712,0.33653769880593865,0.12310848583443287
알이,7,7,1,8.482053972421607,0.20535685626881578,0.12019250469615951
잠도,3,3,1,10.500233893211911,0.24753366392601284,0.11854291279136948
챙겨먹는,7,7,1,8.628214042056065,0.16435901709634101,0.11427575928642658
제품입니다,5,5,1,9.179717632816365,0.2711647166861633,0.11066017724526137
아니고,4,4,1,9.745671730497886,0.25153020430713624,0.10128611616361113
전혀,3,3,1,10.265321874710946,0.2470603689925226,0.09487454905961283
편해서,12,12,1,6.082408166345566,0.07060121213295238,0.09352025401862296
작아서,13,13,1,4.8356962538930475,0.19448929210433039,0.08710957149950817
크기도,4,4,1,9.573129597335363,0.2555132300473996,0.08606677432679577
아임비타,8,8,1,7.795914980164144,0.15863202463797066,0.0844039276831337
포장도,5,5,1,9.01236250856368,0.22521092396910142,0.07099365841927906
중이라,3,3,1,10.208729332110039,0.18258740729905462,0.05699809880348376
장기간,3,3,1,9.555154293161145,0.28808060344906017,0.044544472498631034
새벽배송,3,3,1,10.012084202439752,0.17968533332687178,0.03593253720116155
들어,5,5,1,8.66189399504686,0.2084024798420686,0.027632571898413564
입안에서,3,3,1,9.352591668909573,0.28397730693274004,0.022288140173057518
저렴하게,12,12,1,5.169433142037435,0.1098928851886938,0.022096609993563304
형태라,3,3,4,9.204090402599064,0.3012579291928553,0.016114575643417013
상태로,3,3,0,10.154035419772176,0.1042034279623174,0.012356593104824148
힘든,4,4,1,9.089577961815351,0.1884893909231748,0.00432722290255446
필요한,9,10,2,5.054372240041418,0.39687140684994604,0.002617905424898717
비타민이,4,4,1,8.431103406720624,0.2846727213202946,-0.013269331320896274
성분이,9,9,1,6.07641849046045,0.1370337077276499,-0.04189756425853217
작은,4,4,1,8.385189970590401,0.21729041772066385,-0.051535020488423885
앞으로,5,5,0,7.485056389587941,0.28460445233369625,-0.051658246128965184
효과도,3,3,1,9.02346246839993,0.19832322269446498,-0.05336193585692917
요걸로,3,3,1,8.844577191014231,0.22286958242386032,-0.05893390278213774
들어서,3,3,4,8.369695107727718,0.2969010762070448,-0.06929188465444905
가루,3,3,4,8.702082491871042,0.22571563817622164,-0.07172450278952959
고함량,3,3,4,8.204929221427095,0.3136723119356824,-0.07734244915228604
종이,3,3,0,8.391326560469576,0.262597504475333,-0.0842833589029482
괜찮아요,10,10,1,5.162264113304823,0.11601083581007898,-0.08758097456207875
개씩,3,5,1,8.419502336509826,0.1713158759172119,-0.09398150379486866
삼키는,3,3,1,8.179209952229405,0.2832905269003903,-0.09509642109623595
추천해요,4,4,1,7.757781094481145,0.25357589659806046,-0.09597718355816519
포장이라,3,3,1,8.099321281525281,0.2953783766485485,-0.09702207637329355
의사,4,4,4,7.740185269475224,0.2494324898515465,-0.09980369750887721
자기,3,3,1,8.314854231529496,0.23658101051182912,-0.1049174832457642
섭취가,3,3,1,8.120520757826789,0.24444686824908488,-0.12036932729826418
부족한,3,3,1,8.24578867851899,0.18908517331591437,-0.13555082261198076
남성,3,3,1,8.250823561804102,0.18794120737290096,-0.13562050337226086
녹아서,3,3,4,8.07446454318736,0.2166994624635524,-0.13883486028214725
효과를,4,4,1,7.621248693051458,0.19370501360330092,-0.13952670423652705
일주일,3,3,1,8.276205007973369,0.16211211934259195,-0.14600133778435703
입안이,3,3,1,7.591631550315251,0.2913973408390333,-0.14965277997807463
피곤해서,9,9,1,5.281868451772349,0.07730473017907759,-0.1510113824311105
지인이,3,3,1,8.056579580940657,0.17142688058795127,-0.1632516363180264
나이,4,4,1,7.208498391815969,0.20130187692012158,-0.17689943282972023
비타민씨,4,7,1,6.528278888091424,0.20615359155295315,-0.1926359629523784
선택했습니다,3,3,2,6.516181586407562,0.41803187939918024,-0.19361809115811446
받아,5,5,1,6.126842204778538,0.259731729810297,-0.19957038815012568
괜찮은,4,4,1,7.289586705072345,0.12521097700701792,-0.2068507151622208
몸에,5,5,2,5.846401144085411,0.29497433515281646,-0.20992493326450012
만큼,4,4,2,5.960671789271676,0.3752417287104815,-0.2144097693830831
알약은,4,4,2,5.960671789271676,0.3723934507887065,-0.21583368908993283
영양제가,3,3,1,6.826855005570778,0.28630965798463837,-0.22848034234733156
부분,3,3,2,6.526103775369473,0.33616745218116284,-0.2335542951381592
모닝,4,4,1,6.713079130935276,0.17764508683728256,-0.23814255722907585
비타민과,3,3,2,6.343460458469155,0.3607253324355551,-0.23949535559261706
메리루스,4,4,1,6.5377536512364,0.19406661214679205,-0.24742123704154442
간편하고,5,5,1,5.972326214078819,0.1710496486886003,-0.2593170978931922
세일해서,7,7,1,4.992310350664511,0.1398988513226103,-0.26062267220863816
온가족이,3,3,1,6.991616090900897,0.1837403287734715,-0.26332269892827803
주려고,7,7,1,4.7695469316273424,0.17760047339018836,-0.2639947305572376
크지,3,3,2,6.3434604584691545,0.30981636973757287,-0.26494591808399126
하여,3,4,0,6.9385419875597005,0.1433419201236877,-0.27225017456851575
기운이,3,3,1,6.840613729323758,0.19024159379119224,-0.2751345888832347
종합비타민,4,4,1,6.540427535861815,0.13720528692194223,-0.27558081081392233
선물하기,4,4,2,5.960671789271676,0.2399150654260686,-0.28206268388266703
멀티비타민을,4,4,2,5.960671789271676,0.23669056561019258,-0.2836746855758508
편합니다,3,4,2,6.343460458469155,0.20253485669348617,-0.30201581853205384
포장이,6,6,1,5.053661218449578,0.14080294546244476,-0.3100616341669824
흡수가,5,5,1,5.50619649977722,0.12942250152424056,-0.32662247515915444
체력이,3,3,1,6.487338495554111,0.15319049541613192,-0.32889540602302914
가족이,3,3,1,6.409445021952145,0.16054113328937514,-0.33299028779165074
챙겨먹기,7,7,1,4.5932888368494424,0.0591975339849625,-0.3407682897337033
저렴하고,5,5,1,5.455702748839949,0.1045276818379884,-0.3441045653021585
자꾸,6,6,1,5.14367044479119,0.051029384744681924,-0.3459633599470247
살짝,4,4,1,6.1601383775545795,0.06464149410658415,-0.34978979753002915
봅니다,3,3,1,6.2910982660779124,0.14636608068249812,-0.35188144852172076
엄마,4,4,1,6.0090466299261225,0.0867584005100339,-0.35380398483334174
구미라,3,3,1,6.372743229988716,0.11112135367327658,-0.36135726445499916
쇼핑백까지,3,3,1,6.197565627404217,0.1428330226274065,-0.3629772991578798
가격대가,3,3,1,6.181037192776925,0.1356849955439398,-0.36819942307461434
걸로,3,3,1,6.133919399134144,0.14472520945539277,-0.3683798672850355
남편을,3,3,1,5.863019493891109,0.1814140849397618,-0.3770596876929884
마그네슘은,4,4,1,5.352077859209146,0.1545099100820503,-0.3854640634824976
들어있어서,3,3,1,5.762701346935054,0.17298231925605315,-0.3912813486725412
사봤는데,5,5,1,4.771578455575004,0.12719886652916948,-0.4010100162200405
매일매일,3,3,1,5.8112199100847235,0.12512801157983877,-0.4103652410645873
영양제도,4,4,1,5.345875529945941,0.10343983147418855,-0.41161383483018577
고려은단,4,4,1,5.01572220069788,0.16079310746414852,-0.415873392829203
피로가,4,4,1,5.036651336757547,0.1496763300017369,-0.4193433087434357
피곤할때,9,9,1,2.600312692248287,0.04257970454137497,-0.435848177204157
저렴해서,6,6,1,4.048834907937582,0.08674164847470331,-0.43731646093994264
걸려서,4,4,1,5.240650899946988,0.05056820313002412,-0.44854141288044946
비타민이라,3,4,1,5.340677159942617,0.08906146729050055,-0.45876833392940364
꼬박꼬박,3,3,4,4.394912279254127,0.3087871327278347,-0.45982215646485564
영양제보다,3,3,4,4.394912279254127,0.3087351520457266,-0.4598481428045535
이걸로,3,3,1,5.169625192930283,0.1535754965284497,-0.46014079184324624
원래,5,5,1,4.382188881757104,0.08522312688909932,-0.46083506945831887
덴프스,4,4,1,4.490473695065708,0.140143131590273,-0.4785887171742026
메가도스,5,5,1,3.8945938981793438,0.14395774395485575,-0.4801083849473415
영양제로,4,4,1,4.549534195502839,0.12194175472441976,-0.4817969008949466
고함량이라,3,3,4,3.8272620576515166,0.3777489152752313,-0.48196794071180266
가끔,7,7,1,2.674109087203999,0.15155507578525493,-0.4860289167214916
비싸지만,4,4,1,4.750339730854914,0.0692152030985814,-0.48812638223007687
한포씩,6,6,1,3.0990469028025203,0.14808428242404278,-0.5013883037783975
이뮨샷,3,3,1,5.11998784228776,0.07817999489925764,-0.5027839122282679
못하는,3,3,1,4.981090953168891,0.09656147973999796,-0.5074491230687632
삼키지,3,3,1,4.981090953168891,0.09656147973999796,-0.5074491230687632
찾다가,3,3,1,5.062939963630914,0.07525887385536774,-0.5099345986558292
두번째,5,5,1,4.0382174122554995,0.04363343600051242,-0.5159368115597448
가루가,3,3,1,4.470180511119002,0.14459886602576416,-0.5343958759063542
재주문,5,5,1,3.669451302179823,0.055538844343469625,-0.546768311259158
바라며,3,3,1,4.50588376476596,0.092787589555859,-0.5567362358783493
남편,6,6,1,2.958822390053987,0.054392172143334486,-0.5622141113873989
어버이날,4,4,1,4.126458129504718,0.043267424353924284,-0.5633285487054646
건강에,6,6,1,2.8765848867740713,0.06598505155391633,-0.564621502570385
봤어요,3,3,1,4.175660499368107,0.138872003908554,-0.5666363331605853
아이들도,3,4,1,4.253505092836525,0.08243304693096844,-0.5705241100947994
종이백이,8,8,1,1.8520321106622042,0.006702690574411592,-0.584433113507443
제니쿠키,8,8,1,1.8520321106622042,0.006702690574411592,-0.584433113507443
아빠,3,3,1,4.346782982041672,0.052814416179589936,-0.5925895601808054
부모님께,3,3,1,4.104302886697416,0.09323291337048772,-0.596570068040864
아빠가,4,4,1,3.6388059333990364,0.07012039890381838,-0.598545938049203
특유의,6,7,1,2.3809970512271144,0.0565702199838038,-0.6021989610487786
부족해서,3,3,1,4.0582438904480105,0.09017665724275056,-0.6026922043221546
피곤이,3,3,1,4.165777017391784,0.056283279923499616,-0.608910184644839
효과있어요,5,5,1,3.2009280099152506,0.024616000693409183,-0.6089611128150699
필수,4,4,1,3.078042745578826,0.13061575721586188,-0.6242373222099459
휴대도,3,3,1,3.527528700209813,0.1478338474130047,-0.6268052585623572
괜찮아서,6,6,1,2.335109698332608,0.04764794659671069,-0.6277991312932222
여행에서,3,3,1,3.823458018194104,0.0855960544945705,-0.6284013230890321
디자인,9,9,1,0.8251440566427758,0.0024009528997255337,-0.6330020820353381
예뻐요,9,9,1,0.8251440566427758,0.0024009528997255337,-0.6330020820353381
기대,3,3,1,3.7211262517297268,0.09239934724126714,-0.6352074799783882
선물했어요,7,7,1,1.784087979099794,0.025546919359085582,-0.6378001684018582
효과는,5,5,1,2.702099918613575,0.05536193640555367,-0.6433470824864447
어르신들,3,3,1,3.887735525780295,0.032389818234877764,-0.6485888614636026
남편이,7,7,1,1.6085120155189356,0.02758354183536815,-0.6542951773117028
쇼핑백도,4,4,1,3.1242115651474185,0.059428560024778115,-0.6552202429548188
휴대하기도,3,3,1,3.5099719509657925,0.06047546405703276,-0.672228957428491
보려고,3,3,1,3.3195482398629164,0.09670676528637187,-0.6731102764261813
잘먹어요,3,3,1,3.551249522313381,0.04476528907306224,-0.6759655245609786
필요해서,7,7,1,1.3342300626317591,0.01829087348624449,-0.6862995789505097
챙겨먹고,4,4,1,2.790351553987895,0.05480954039505441,-0.6908309084172084
잘먹고있어요,3,3,1,3.1708119300905664,0.08752022296024276,-0.6925388307298219
철분이,3,3,1,3.170811930090566,0.08737840778288584,-0.6926097274018865
편리하고,3,3,1,3.4424262773868275,0.0322402452809463,-0.6930818669164662
비타민이에요,4,4,1,2.695087221610577,0.0518777395692596,-0.7017989078530271
모르겠네요,4,4,1,2.737619300041021,0.0373534849713386,-0.7048174728516258
미리,3,3,1,3.108348404455014,0.06215277675425212,-0.7114511460315744
썼어요,9,9,1,0.0,0.0,-0.7165079602376748
떨어져서,3,3,1,3.1882254497183764,0.03412921746232897,-0.7174932784332946
후기보고,7,7,1,1.0317421287840511,0.006410593016744989,-0.7224110474733029
많아서,4,4,1,2.6116928214797275,0.024661145781877124,-0.7237234450782752
여름엔,3,3,1,2.9548529136273887,0.033294975087383896,-0.7411885294564572
아침마다,4,4,1,2.3984330439381893,0.016532790219420633,-0.7490590052888099
달달하니,3,3,1,2.6808293357704303,0.03625980413357706,-0.7670393538361384
가격대비,4,4,1,2.1784668226533004,0.019327416086858572,-0.769602862786525
할인해서,3,3,1,2.615549663135951,0.022510283915042128,-0.7804245024839767
보내드렸어요,4,4,1,2.060629249050882,0.019665272149193492,-0.7811878969846108
챙겨먹어요,4,4,1,2.0213769797816648,0.017852172208706708,-0.7860096007470807
나았어요,3,3,1,2.39030438890838,0.025790773747715583,-0.8012520347248642
힘이,3,3,1,2.39030438890838,0.013905207951698166,-0.8071939026987106
양도,3,3,1,2.344613442863168,0.02149497817889201,-0.8079571334317304
급하게,3,3,1,2.087584400674711,0.04235202987721459,-0.8231680710263961
잘먹어서,3,3,1,2.089912700420644,0.04003034270567799,-0.8240964951418001
실용적이고,7,7,1,0.0,0.0,-0.8285289605497551
한알씩,4,4,1,1.4997017641954695,0.027157232721642718,-0.8333932880575204
나은것,3,3,1,1.874415330603242,0.045472212670503574,-0.8428711801545985
만족합니다,4,4,1,1.1543588340176456,0.07184739585764129,-0.8454985437683079
애들,3,3,1,1.8595750326512202,0.01673168606838516,-0.8587195052375256
번창하세요,3,3,1,1.6075561727959715,0.036679604143946075,-0.8738851893533339
안먹으면,3,3,1,1.6839458109831107,0.01896430702511099,-0.8751218423253797
철분,4,4,1,0.9847649026294086,0.04309036118749885,-0.8767913214775886
애들이,4,4,1,1.1399748332263089,0.01023845822600537,-0.8777330299885192
모르겠지만,3,3,1,1.6339466814158836,0.016709020634096523,-0.8812365715979511
부담없이,3,3,1,1.490281759391146,0.02366611693167583,-0.8920886939314154
세일할때,3,3,1,1.414759247300542,0.0386885692171366,-0.8921117629207365
감기,3,3,1,1.5076952795322731,0.009423440677189495,-0.8974719905124383
세일하길래,4,4,1,0.8594969768333708,0.012338447369739337,-0.9046600022162217
왔어요,3,3,1,1.3077748315679756,0.030013990170409368,-0.9071197517365088
잘받았습니다,5,5,1,0.24511644618555586,0.01607144601820806,-0.9080658619629981
피곤할,3,3,1,1.274784391627013,0.0024482147708566205,-0.9241912125928433
다먹고,3,3,1,1.274784391627013,0.0017955806920141554,-0.9245174793939589
비타민도,3,3,1,0.9176059758886239,0.07079985425379641,-0.9256481048888394
작고,3,3,1,1.1082611180273347,0.03029965776624022,-0.9268778203749246
사봤어요,3,3,1,1.077412459947138,0.020117772445492777,-0.9350450381990355
나네요,3,3,1,0.9532603457770817,0.041061529801314604,-0.9369585639832416
임신준비,3,3,1,0.9885079925433804,0.03011849456296408,-0.9389133946725833
용량이,3,3,1,0.9202699033161983,0.04197238761737759,-0.9397939005503948
심플하네요,5,5,1,0.0,0.0,-0.9405499608618353
비타민비,3,3,1,1.0997710596053056,0.001977200620065346,-0.9418837260131645
사무실에서,4,4,1,0.530143711308882,0.0034637541979837903,-0.9419486428154239
비타민입니다,4,4,1,0.27810688780646575,0.0030806521046134044,-0.9672800637980841
향이,3,3,1,0.7522414070461456,0.018487832220507906,-0.9682946971392822
비타민씨는,3,3,1,0.6751534526507835,0.011656885666856763,-0.9793989313868042
챙겨먹으려고,3,3,1,0.6751534526507835,0.008519086602732727,-0.9809675893781411
재구매해요,3,3,1,0.6751534526507835,0.007987718758079755,-0.9812332323969644
시원하게,3,3,1,0.6655691536461681,0.006263712145466932,-0.9830511073963567
부모님,3,3,1,0.6326213789171921,0.003579628983114928,-0.9876793817469606
아이들이,3,3,1,0.49715327044394836,0.0026762739545417506,-1.001643517674929
간식용으로,3,3,1,0.0,0.0,-1.0525709611739156
센트룸,3,3,1,0.0,0.0,-1.0525709611739156
