term_i,term_j,co_count,pmi,npmi,cosine
모양,예상,6,4.768198,0.667857,0.522976
손톱,예정,6,6.253625,0.875913,0.601041
피곤하다,피곤,5,3.697808,0.499529,0.14531
설탕,종류,5,4.727556,0.638636,0.817806
손톱,새끼,5,5.99059,0.809256,0.664364
조카,부드럽,5,5.142593,0.694702,0.573043
구미,시럽,5,3.612079,0.487948,0.383571
피로,상큼,4,3.820665,0.494616,0.816497
조카,아연,4,4.405628,0.570344,0.615547
일주일,코피,4,4.99059,0.646072,0.184211
은단,골드,3,4.253625,0.522587,0.82734
구미,설탕,3,2.29015,0.281361,0.43825
초등,복숭아,3,4.575553,0.562138,0.758947
로트,벡쉔,3,6.575553,0.807852,0.933333
모양,취향,2,3.598273,0.412432,0.284268
감기,증진,2,4.405628,0.504971,0.435194
감기,확률,2,4.405628,0.504971,0.638978
감기,장기간,2,4.405628,0.504971,0.615457
감기,과일,2,4.405628,0.504971,0.53936
리포좀,평소,2,3.668662,0.4205,0.476731
리포좀,일반,2,3.668662,0.4205,0.316228
완전,보이,2,4.0837,0.468072,0.210819
친구,치아,2,3.405628,0.390352,0.365148
설탕,시럽,2,3.405628,0.390352,0.544415
감기,귀엽,2,4.405628,0.504971,0.43082
감기,지키다,2,3.820665,0.437923,0.337963
모양,샛별,2,4.183235,0.479481,0.78407
모양,발견,2,4.183235,0.479481,0.724432
모양,검색,2,4.183235,0.479481,0.53545
구미,아연,2,2.29015,0.262496,0.405096
구미,조카,2,1.705188,0.195448,0.450225
조카,부드럽다,2,3.820665,0.437923,0.619987
함량,아연,2,3.405628,0.390352,0.160128
예상,제이니,2,4.99059,0.572019,0.504505
은단,일반,2,3.668662,0.4205,0.606339
예상,정해진,2,4.99059,0.572019,0.294174
일주일,참고,2,4.405628,0.504971,0.460195
일주일,칼슘,2,3.99059,0.4574,0.311272
예상,샛별,2,4.99059,0.572019,0.604471
코피,유산균,2,4.99059,0.572019,0.359937
코피,비교,2,4.99059,0.572019,0.433555
코피,이면,2,4.99059,0.572019,0.43259
칼슘,구비,2,3.99059,0.4574,0.097823
코피,칼슘,2,3.99059,0.4574,0.553372
코피,성장기,2,4.99059,0.572019,0.489116
일주일,이틀,2,4.99059,0.572019,0.290191
일주일,국내,2,4.99059,0.572019,0.38236
조카,취향,2,3.820665,0.437923,0.38555
친구,타입,2,3.0837,0.353452,0.649519
타입,센스,2,3.668662,0.4205,0.375
타입,치아,2,3.668662,0.4205,0.316228
나이,입안,2,3.99059,0.4574,0.402015
칼슘,성장기,2,4.99059,0.572019,0.385695
평소,일반,2,3.99059,0.4574,0.301511
구비,주변,2,4.99059,0.572019,0.415029
나이,드니,2,4.99059,0.572019,0.608581
구비,순간,2,4.99059,0.572019,0.490511
입안,병원,2,4.99059,0.572019,0.502519
구비,레몬,2,4.99059,0.572019,0.276686
나이,저하,2,4.99059,0.572019,0.5
입안,저하,2,4.99059,0.572019,0.653275
피곤,골드,2,3.183235,0.364861,0.31545
구미,칼슘,2,2.29015,0.262496,0.165145
참고,국내,2,5.405628,0.619591,0.514345
고급,명절,2,4.820665,0.552543,0.0
검색,발견,2,5.99059,0.686639,0.642857
발견,샛별,2,5.99059,0.686639,0.613139
검색,샛별,2,5.99059,0.686639,0.490511
정해진,용법,2,5.99059,0.686639,0.666667
전달,수고,2,5.99059,0.686639,0.316228
주시,수고,2,5.99059,0.686639,0.507093
이틀,전달,2,5.99059,0.686639,0.447214
이틀,주시,2,5.99059,0.686639,0.239046
전달,주시,2,5.99059,0.686639,0.534522
국내,이틀,2,5.99059,0.686639,0.632456
국내,전달,2,5.99059,0.686639,0.235702
제이니,정해진,2,5.99059,0.686639,0.685994
제이니,용법,2,5.99059,0.686639,0.514496
참고,용법,2,5.405628,0.619591,0.360041
입안,드니,2,4.99059,0.572019,0.550482
과일,장기간,2,5.99059,0.686639,0.669439
드니,저하,2,5.99059,0.686639,0.669439
장기간,확률,2,5.99059,0.686639,0.378517
순간,주변,2,5.99059,0.686639,0.322329
레몬,순간,2,5.99059,0.686639,0.483494
확률,여행가,2,5.99059,0.686639,0.381771
확률,증진,2,5.99059,0.686639,0.573539
메이드,유산균,2,5.99059,0.686639,0.501745
저하,병원,2,5.99059,0.686639,0.444444
병원,과일,2,5.99059,0.686639,0.608581
병원,장기간,2,5.99059,0.686639,0.444444
유산균,비교,2,5.99059,0.686639,0.667124
메이드,비교,2,5.99059,0.686639,0.483494
증진,여행가,2,5.99059,0.686639,0.5547
새끼,예정,2,5.99059,0.686639,0.88083
센스,고급,2,4.405628,0.504971,0.200446
참고,이틀,2,5.405628,0.619591,0.39036
기한,고급,2,4.820665,0.552543,0.0
센스,보이,2,4.405628,0.504971,0.451848
일반,골드,2,3.99059,0.4574,0.533002
조카,손톱,1,2.0837,0.214273,0.155963
피로,리포좀,1,2.0837,0.214273,0.368932
감기,줄어들,1,3.405628,0.350211,0.526361
감기,병원,1,3.405628,0.350211,0.410305
감기,줄어들다,1,3.405628,0.350211,0.394771
비타민 c,함량,1,1.598273,0.164355,0.0
비타민 c,상큼,1,1.598273,0.164355,0.182574
비타민 c,나이,1,2.183235,0.224508,0.210819
비타민 c,지키,1,2.598273,0.267188,0.26968
감기,지키,1,2.820665,0.290057,0.209946
감기,귀엽다,1,3.405628,0.350211,0.348155
모양,알다,1,2.598273,0.267188,0.421637
상큼,순간,1,3.405628,0.350211,0.218218
상큼,레몬,1,3.405628,0.350211,0.246183
피로,줄어들,1,3.405628,0.350211,0.251976
피로,줄어들다,1,3.405628,0.350211,0.31497
피로,평소,1,2.405628,0.247378,0.301511
구미,보이다,1,2.29015,0.235503,0.243975
구미,살다,1,2.29015,0.235503,0.149071
구미,구비,1,1.29015,0.13267,0.177705
구미,손톱,1,0.968222,0.099565,0.129904
구미,평소,1,1.29015,0.13267,0.116775
구미,부드럽다,1,1.705188,0.175349,0.430331
구미,부드럽,1,1.705188,0.175349,0.353553
구미,보이,1,1.705188,0.175349,0.166667
피곤하다,나이,1,2.183235,0.224508,0.208333
피곤하다,상큼,1,1.598273,0.164355,0.072169
칼슘,이면,1,3.99059,0.410364,0.568535
칼슘,비교,1,3.99059,0.410364,0.341882
코피,살다,1,3.99059,0.410364,0.093659
코피,메이드,1,3.99059,0.410364,0.635851
일주일,이면,1,3.99059,0.410364,0.540738
일주일,메이드,1,3.99059,0.410364,0.195646
일주일,용법,1,3.99059,0.410364,0.267652
일주일,야하다,1,3.99059,0.410364,0.39736
예상,발견,1,3.99059,0.410364,0.592999
예상,부드럽,1,3.405628,0.350211,0.0
예상,안되다,1,3.405628,0.350211,0.396297
예상,용법,1,3.99059,0.410364,0.294174
일주일,지키다,1,3.405628,0.350211,0.179969
일주일,지키,1,3.405628,0.350211,0.244558
완전,의사,1,3.0837,0.317106,0.0
리포좀,줄어들다,1,3.668662,0.377259,0.119523
친구,일단,1,3.405628,0.350211,0.433013
친구,보이,1,2.820665,0.290057,0.298142
친구,센스,1,2.405628,0.247378,0.505181
조카,보이다,1,3.405628,0.350211,0.3515
조카,다르,1,2.820665,0.290057,0.363913
조카,다르다,1,2.820665,0.290057,0.406867
조카,보이,1,2.820665,0.290057,0.390195
친구,이면,1,3.405628,0.350211,0.19245
타입,일단,1,3.668662,0.377259,0.625
타입,보이,1,3.0837,0.317106,0.387298
손톱,부드럽다,1,3.0837,0.317106,0.260875
타입,이면,1,3.668662,0.377259,0.166667
완전,센스,1,2.668662,0.274426,0.408248
타입,보이다,1,3.668662,0.377259,0.283473
구미,함량,1,0.705188,0.072517,0.316228
구미,모양,1,0.482796,0.049647,0.106502
피곤,순간,1,3.183235,0.327341,0.087875
피곤,레몬,1,3.183235,0.327341,0.148704
피곤,여행가,1,3.183235,0.327341,0.410365
피곤,증진,1,3.183235,0.327341,0.328798
피곤,지키,1,2.598273,0.267188,0.099136
피곤,나이,1,2.183235,0.224508,0.271244
피곤,비타민 c,1,1.37588,0.141486,0.147043
피곤하다,여행가,1,3.183235,0.327341,0.392232
피곤하다,골드,1,2.183235,0.224508,0.452267
피곤하다,증진,1,3.183235,0.327341,0.353553
피곤하다,줄어들다,1,3.183235,0.327341,0.133631
피곤하다,지키다,1,2.598273,0.267188,0.0
모양,평소,1,2.183235,0.224508,0.177667
모양,제이니,1,3.183235,0.327341,0.514496
피곤,줄어들,1,3.183235,0.327341,0.124274
초등,참고,1,3.405628,0.350211,0.0
지키다,참고,1,3.820665,0.39289,0.363137
입안,장기간,1,3.99059,0.410364,0.301511
입안,과일,1,3.99059,0.410364,0.440386
입안,부드럽,1,3.405628,0.350211,0.0
구비,드니,1,3.99059,0.410364,0.23694
입안,다르다,1,3.405628,0.350211,0.1066
입안,다르,1,3.405628,0.350211,0.095346
아연,부드럽,1,3.405628,0.350211,0.787726
치아,대다,1,3.405628,0.350211,0.282843
치아,다르,1,3.405628,0.350211,0.0
아연,부드럽다,1,3.405628,0.350211,0.65372
센스,일단,1,3.99059,0.410364,0.5
나이,주변,1,3.99059,0.410364,0.426401
입안,부드럽다,1,3.405628,0.350211,0.0
나이,지키,1,3.405628,0.350211,0.142134
나이,구비,1,2.99059,0.307531,0.216295
다르,취향,1,3.820665,0.39289,0.40452
다르다,취향,1,3.820665,0.39289,0.452267
다르다,다르,1,3.820665,0.39289,0.67082
알다,발견,1,4.405628,0.453043,0.478091
알다,검색,1,4.405628,0.453043,0.597614
기한,수고,1,4.405628,0.453043,0.223607
기한,주시,1,4.405628,0.453043,0.188982
기한,검색,1,4.405628,0.453043,0.094491
기한,알다,1,3.820665,0.39289,0.158114
안되다,용법,1,4.405628,0.453043,0.481125
참고,정해진,1,4.405628,0.453043,0.360041
참고,야하다,1,4.405628,0.453043,0.712697
안되다,알다,1,3.820665,0.39289,0.0
안되다,샛별,1,4.405628,0.453043,0.374634
안되다,제이니,1,4.405628,0.453043,0.693103
안되다,정해진,1,4.405628,0.453043,0.673575
지키,귀엽,1,4.405628,0.453043,0.213201
지키,참고,1,3.820665,0.39289,0.460566
지키다,야하다,1,4.405628,0.453043,0.452911
지키다,용법,1,4.405628,0.453043,0.522976
지키,국내,1,4.405628,0.453043,0.284268
지키,용법,1,4.405628,0.453043,0.497468
지키,정해진,1,4.405628,0.453043,0.355335
지키,제이니,1,4.405628,0.453043,0.292509
지키다,정해진,1,4.405628,0.453043,0.392232
지키다,제이니,1,4.405628,0.453043,0.269069
지키다,귀엽,1,4.405628,0.453043,0.392232
지키다,귀엽다,1,4.405628,0.453043,0.27735
감귤,의사,1,3.405628,0.350211,0.685994
센스,보이다,1,3.99059,0.410364,0.472456
샛별,정해진,1,4.99059,0.513197,0.378517
부드럽다,보이다,1,4.405628,0.453043,0.377964
일단,보이다,1,4.99059,0.513197,0.377964
수고,이렇,1,4.99059,0.513197,0.447214
주시,이렇,1,4.99059,0.513197,0.377964
용법,야하다,1,4.99059,0.513197,0.57735
야하다,국내,1,4.99059,0.513197,0.3849
정해진,야하다,1,4.99059,0.513197,0.3849
부드럽,보이,1,3.820665,0.39289,0.282843
취향,보이,1,3.820665,0.39289,0.1557
귀엽다,벡쉔,1,4.99059,0.513197,0.645497
귀엽다,로트,1,4.99059,0.513197,0.645497
고급,보이다,1,4.405628,0.453043,0.202031
보이,고급,1,3.820665,0.39289,0.276026
벡쉔,귀엽,1,4.99059,0.513197,0.456435
로트,귀엽,1,4.99059,0.513197,0.456435
샛별,제이니,1,4.99059,0.513197,0.500773
성장기,유산균,1,4.99059,0.513197,0.501745
저하,과일,1,4.99059,0.513197,0.365148
저하,주변,1,4.99059,0.513197,0.284268
드니,병원,1,4.99059,0.513197,0.486864
드니,주변,1,4.99059,0.513197,0.467099
살다,메이드,1,4.99059,0.513197,0.174078
성장기,이면,1,4.99059,0.513197,0.603023
성장기,비교,1,4.99059,0.513197,0.644658
장기간,줄어들,1,4.99059,0.513197,0.356348
확률,줄어들,1,4.99059,0.513197,0.693688
확률,줄어들다,1,4.99059,0.513197,0.520266
과일,확률,1,4.99059,0.513197,0.473879
줄어들다,증진,1,4.99059,0.513197,0.661438
증진,줄어들,1,4.99059,0.513197,0.661438
줄어들다,여행가,1,4.99059,0.513197,0.524142
여행가,줄어들,1,4.99059,0.513197,0.524142
여행가,레몬,1,4.99059,0.513197,0.083624
