token,freq
샐러드,807
샌드위치,138
다이어트,96
맛있는,88
도시락,87
식단,82
포케,77
올리브오일,67
있는,62
좋은,60
파스타,60
소금,58
메뉴,57
오늘도,57
집밥,57
오늘은,56
많이,51
닭가슴살,50
맛있게,50
점심,50
매일,49
먹고,49
브런치,48
만들어,47
샐러드맛집,47
요즘,47
야채,46
후추,46
가능,45
조금,44
치즈,44
건강한,43
드레싱,43
레몬즙,43
사과,43
소스,43
오늘의,43
함께,42
다양한,41
시간,41
다이어트식단,39
맛집,39
먹는,39
있어요,39
저는,39
토마토,39
가득,37
무화과,37
이렇게,36
바로,35
저녁,35
넣고,34
만든,34
발사믹,34
아침,33
요리,33
가능합니다,32
배달,32
샐러드를,32
오이,32
같이,31
그대로,31
올리브유,31
듬뿍,30
샐러드는,30
살짝,29
아보카도,29
주문,29
구운,28
맛을,28
유러피안,28
좋아요,28
단체주문,27
먹기,27
모두,27
신선한,27
있습니다,27
치킨,27
하루,27
오픈,26
하는,26
가지,25
건강,25
건강식,25
루꼴라,25
먹으면,25
먹을,25
목요일,25
올리브,25
즐길,25
다들,24
샐러드와,24
소스를,24
완성,24
입니다,24
촌스마마,24
카페,24
한끼,24
홈쿡,24
가을,23
단체,23
맛이,23
문의,23
배송,23
복숭아,23
오랜만에,23
이제,23
재료,23
좋아하는,23
주말,23
직접,23
가볍게,22
다시,22
많은,22
샌드위치맛집,22
시오픈입니다,22
식사,22
없는,22
열심히,22
오일,22
제가,22
건강하고,21
고소한,21
운동,21
일상,21
저당,21
정기배송,21
감사합니다,20
구성,20
넣어,20
다른,20
맛스타그램,20
먹어도,20
먹었어요,20
약간,20
큰술,20
할인,20
홈브런치,20
따뜻한,19
안녕하세요,19
알룰로스,19
역시,19
오후,19
올려,19
건강하게,18
남은,18
든든한,18
먹스타그램,18
미니,18
새우,18
쉬림프,18
어제,18
올리고,18
주차,18
추천,18
계란,17
맛있어요,17
매콤한,17
먹은,17
보고,17
샐러드로,17
샐러드에,17
식단관리,17
식초,17
추가,17
홈카페,17
과일,16
단백질,16
단호박,16
당근,16
당일,16
라이스,16
맛있고,16
섞어,16
시나노골드,16
싶은,16
엄청,16
없이,16
음료,16
이번,16
있어서,16
점심메뉴,16
제품제공,16
최소주문,16
커피,16
클래스,16
편하게,16
포장,16
가정식,15
같아요,15
구매,15
그릭요거트,15
냉장고에,15
달콤한,15
되는,15
미리,15
부드러운,15
새로운,15
샐러디,15
서브웨이,15
서울,15
소개합니다,15
수업,15
양파,15
연어,15
위해,15
이용,15
조합,15
참외,15
치아바타,15
타코,15
테이블,15
합니다,15
해서,15
간식,14
김치,14
따로,14
레시피,14
마요네즈,14
맛있어서,14
매장,14
문의주세요,14
부드럽고,14
부라타,14
브랜드,14
사람,14
상큼한,14
샐러드가,14
수요일,14
스테이크,14
아침에,14
오전,14
유기농,14
중식,14
채소,14
팬에,14
풍미가,14
하나,14
해요,14
호샐러드,14
화이트발사믹,14
기본,13
다이어터,13
담백한,13
드레싱을,13
든든하게,13
만들었어요,13
맛있다,13
보내세요,13
불고기,13
뿌려서,13
샐러드도시락,13
생산,13
서비스가,13
식단일기,13
신메뉴,13
아삭한,13
얇게,13
오늘뭐먹지,13
온더테이블,13
이거,13
자주,13
직장인도시락,13
최대한,13
치폴레,13
한식뷔페,13
향이,13
가격,12
광주,12
구내식당,12
그릇,12
다진마늘,12
더욱,12
드레싱은,12
드림카드,12
마카롱,12
메뉴가,12
메뉴로,12
발사믹식초,12
부터,12
소스는,12
순천,12
시식당,12
식감,12
식사를,12
연락처,12
연휴,12
우리,12
위에,12
유럽,12
있도록,12
접시에,12
직장인,12
진행,12
프로필,12
필수,12
한국,12
한번,12
핸드메이드,12
협찬,12
화이트,12
활용,12
곁들여,11
곡성,11
곡성뚝방마켓,11
그래도,11
남원,11
담아,11
동안,11
두부,11
리코타치즈,11
마카롱맛집,11
많이달지않은마카롱,11
맛의,11
반찬,11
배달비,11
부탁드립니다,11
뿌려,11
샐러드레시피,11
수제,11
않은,11
양배추,11
어울리는,11
여주사랑카드,11
올리브오일은,11
완전,11
이벤트,11
정도,11
좋은재료와정성은진리다,11
주말에,11
지드림카드,11
진심으로,11
진한,11
쫀득한마카롱,11
타코샐러드,11
해도,11
간장,10
건강식단,10
계속,10
고구마,10
고기,10
국내산,10
그릇에,10
기존,10
깊은,10
네이버,10
단체급식,10
드디어,10
드세요,10
드셔보세요,10
따라,10
마늘,10
마음이,10
만들었는데,10
맞춰,10
먹는다,10
먼저,10
메종,10
무료,10
무료배달,10
바쁜,10
방울토마토,10
베이글,10
병아리콩,10
분명,10
비건,10
빵을,10
삶은,10
샐러드정기배송,10
샤인머스캣,10
식단기록,10
아침은,10
양이,10
예약,10
완벽한,10
우삼겹,10
위한,10
음식,10
인스타그램,10
잘라,10
저속노화,10
제대로,10
주세요,10
즐거운,10
지난,10
참외는,10
채칼,10
판매,10
풍미를,10
프리미엄,10
하루를,10
항상,10
호두,10
홀그레인,10
ㅎㅎ,9
가득한,9
간단하게,9
감홍사과,9
갑자기,9
건강을,9
곡성마카롱,9
금요일,9
김밥,9
꾸준히,9
끼를,9
달달한,9
두유,9
만나보세요,9
만드는,9
만들어봤어요,9
많아,9
많아서,9
맛은,9
먹으니,9
먹으러,9
메뉴는,9
몸이,9
배달의민족,9
비타민,9
샤인머스켓,9
서비스,9
수비드,9
스파이시,9
스프,9
식단공유,9
식단으로,9
신선하고,9
써브웨이,9
언제나,9
언제든,9
엄마,9
엑스트라버진올리브오일,9
오늘의메뉴,9
요거트,9
요리스타그램,9
있어,9
있으니,9
전용,9
전화문의,9
접시,9
제품,9
집에,9
챙겨,9
천도,9
추천합니다,9
취향껏,9
치킨텐더,9
토스트,9
특별한,9
파프리카,9
팔로우,9
포켓샐러드,9
푸드스타그램,9
한식,9
홀그레인머스타드,9
회사,9
훈제란,9
가게,8
가능하니,8
간단히,8
간편하게,8
감기,8
감자,8
고객님들에게,8
구성으로,8
구워,8
그런지,8
너무너무,8
노릇하게,8
느낌,8
다이어트도시락,8
단맛,8
달걀,8
달콤,8
담은,8
당근라페,8
데일리,8
되고,8
되어,8
되었어요,8
두르고,8
드립니다,8
들어간,8
디몰페타,8
디저트,8
라인업,8
레몬,8
마음,8
마지막,8
마지막에,8
말고,8
맛도,8
무슈,8
물기,8
미국,8
밀프랩,8
바랍니다,8
방문,8
배민,8
버터,8
베이컨,8
볶음,8
부드럽게,8
분들,8
뿌리면,8
산미가,8
새콤달콤,8
샌드위치로,8
생각이,8
선물,8
소금빵,8
아닌,8
안내,8
양상추,8
없지만,8
영양사,8
예쁜,8
오운완,8
오픈했습니다,8
우리집,8
운동하는여자,8
은은한,8
일요일,8
작은,8
작은술,8
잘게,8
재료를,8
전통,8
조만간,8
좋고,8
직장인점심,8
집에서,8
최고,8
최애,8
추석,8
카카오톡,8
칼로리,8
크게,8
크림,8
톡톡,8
편안한,8
포만감,8
프로슈토,8
플레이팅,8
하지만,8
함께한,8
합리적인,8
행복한,8
행사간식,8
호맛간장,8
혼자,8
가격으로,7
같습니다,7
같은데,7
계절,7
광고,7
구성도,7
그럼,7
기분,7
기준,7
깔끔하고,7
끝나고,7
날씨가,7
날이,7
남편이,7
너무나,7
넣어서,7
넣은,7
당도,7
대신,7
댓글,7
덕분에,7
도시락맛집,7
되면,7
들기름,7
따뜻하게,7
땅콩버터,7
라임,7
리코타,7
마무리,7
마음에,7
맛에,7
매장에,7
머스타드,7
메뉴를,7
메뉴에,7
무화과샐러드,7
바르고,7
배가,7
버무린,7
볼에,7
분들이,7
분위기,7
불가합니다,7
빵은,7
사실,7
사용,7
새로,7
샌드위치는,7
샐러드에는,7
샐러드의,7
선택,7
설탕,7
세트,7
소스가,7
소통,7
슬라이스,7
식단이,7
식이섬유,7
씹히는,7
아닙니다,7
않고,7
알로하포케,7
양도,7
양식,7
어울려요,7
없어서,7
영업시간,7
예뻐서,7
예산에,7
오렌지,7
오일을,7
와인,7
원플레이트,7
유부초밥,7
이용한,7
이유,7
이탈리아,7
인기,7
인천,7
있으면,7
자세한,7
저녁은,7
제공,7
제철,7
조합이,7
좋게,7
좋아,7
주는,7
즐기는,7
증정,7
쿠팡이츠,7
탄단지,7
특히,7
파마산치즈,7
포케맛집,7
프로필링크,7
피자,7
하루가,7
한번에,7
한입,7
한정,7
행복,7
향과,7
허브,7
헬스,7
훨씬,7
가볍지만,6
갈아,6
강남구내식당,6
개구리,6
거예요,6
건강샐러드,6
겉절이,6
결제,6
골고루,6
공구,6
과일컵,6
교회간식,6
구성변경,6
구성해서,6
굽고,6
그릭,6
깔끔한,6
깜짝,6
깨끗한,6
나만의,6
나의,6
날씨,6
내가,6
내내,6
내년,6
냉압착,6
노랑,6
노지,6
논현,6
논현맛집,6
논현밥집,6
논현역점심,6
논현저녁,6
다양하게,6
단체간식,6
단체회식,6
당일조리,6
당일주문이,6
당첨,6
대한,6
더해져,6
덮밥,6
드리고,6
드시고,6
드실,6
딥앤딥,6
또띠아월남쌈샐러드,6
또먹고싶다,6
라면,6
라휘그,6
만나요,6
맛스타,6
맛있네요,6
맞춰원하시는,6
맞춰일정에,6
매우우수업체,6
매장으로,6
매콤,6
먹스타,6
먹어서,6
먹어요,6
먹었다,6
메바쥬,6
메이플,6
명절,6
명품,6
모데나,6
모임,6
문의사항은,6
문의환영,6
물기를,6
밑에,6
바게트,6
방식으로,6
배를,6
배추,6
백반맛집,6
버섯,6
변화를,6
보온,6
보온도시락,6
부라타치즈,6
브로콜리,6
빠네디까사,6
빠르게,6
샌드위치가,6
샐러드랑,6
샐러드식단,6
샐러드입니다,6
샐러드파스타,6
생각보다,6
서퍼스,6
세종로,6
소고기,6
소모임,6
소비자산업평가,6
소스에,6
소스와,6
소식,6
수거,6
수프,6
스윗밸런스,6
스텐볼,6
스프레드,6
시무인매장,6
식감이,6
식단을,6
식단추천,6
신사맛집,6
신사밥집,6
신사역점심,6
신사저녁,6
싶어서,6
아몬드,6
아삭,6
아침식단,6
아침식사,6
않아도,6
않아서,6
알고,6
알배추샐러드,6
야채탈수기,6
어떠세요,6
어떻게,6
없어요,6
여러가지,6
여러분도,6
여러분만의,6
여주맛집,6
여주시,6
여주점경기,6
여주행사간식,6
연락주세요,6
연수구,6
오래,6
오로셀레스테,6
오픈합니다,6
옥수수,6
용산맛집,6
용산샐러드,6
용산샐러드맛집,6
용산역맛집,6
우리뷔페오늘의메뉴,6
원부터,6
위생등급,6
유지어터,6
이론과,6
이번에,6
이유식,6
이탈리안,6
익은,6
인밥상,6
인천서구점,6
있는데,6
있답니다,6
잠봉,6
장소,6
재고,6
재료와,6
저녁에,6
저희,6
적절하게,6
전날,6
절대,6
점메추,6
점심도시락,6
정갈한찬,6
좋을,6
죠샌드위치,6
죠샌드위치샐러드여주점,6
주문을,6
준비한,6
준비해,6
준비했습니다,6
준비했어요,6
중이에요,6
중입니다,6
즐기고,6
지역화폐,6
지원되지않습니다,6
직원식당,6
집밥이최고,6
참고,6
참기름,6
찾고,6
찾아주셔서,6
채소와,6
체육대회간식,6
추가해서,6
치즈를,6
크로스핏,6
탄수화물,6
토핑,6
특제,6
파티,6
팬케이크,6
페이퍼,6
평균,6
포인트,6
포케샐러드,6
푸디스퀘어,6
푸짐하고,6
프랑스,6
플래터,6
하면,6
하세요,6
학교간식,6
학원간식,6
한상,6
해드립니다,6
혼밥,6
홈메이드,6
화요일,6
후식누룽지,6
ㅎㅎㅎ,5
가는,5
가능해요,5
가벼운,5
가정식을,5
간단요리,5
간단하고,5
간단한,5
감사한,5
갱신중,5
건강한한끼,5
검색,5
것만,5
것은,5
겨울이,5
결제를,5
결제방식은,5
계신가요,5
고루,5
골라,5
곱게,5
공식,5
공지글,5
과즙,5
관리,5
구워서,5
굽기,5
그렇게,5
그린보이즈,5
그릴,5
근처,5
금요일에,5
급식,5
기다리고,5
기다림,5
기본으로하며,5
기업,5
나는,5
나들이,5
나름,5
나물,5
나온,5
내일은,5
냉털,5
냠냠,5
년숙성,5
놀랐어요,5
높은,5
누구나,5
느끼고,5
다른메뉴,5
다진,5
단체도시락,5
단체주문은,5
달리는커피,5
닭가슴살샐러드,5
담고,5
더해,5
덕에,5
데워,5
데이트,5
돌고,5
돌아왔습니다,5
되세요,5
두부는,5
두유면,5
뒤처리,5
드시는,5
들어,5
떡갈비,5
또띠아에,5
뚜껑,5
라고,5
라이프스타일,5
레시피는,5
루꼴라는,5
링크,5
링크에서,5
마감합니다,5
마음을,5
만능,5
맘마미아,5
맛나게,5
맛있는데,5
맛있더라구요,5
맛있어,5
맛있었어요,5
맛있지만,5
맛집추천,5
매번,5
매월,5
매장에서,5
매주,5
맥주,5
먹방,5
먹어,5
메뉴도,5
메뉴입니다,5
멕시칸,5
명란,5
모음,5
몸에,5
무조건,5
무화과는,5
문자,5
물론,5
물씬,5
물에,5
미국식,5
미니버거,5
민생회복,5
밥상,5
밸런스,5
버무려,5
벌써,5
변경,5
보내고,5
보내십시오,5
보니,5
복숭아샐러드,5
부담,5
부모님,5
브레이크타임,5
브리치즈,5
블로그,5
비가,5
사과계의,5
사전,5
산뜻하게,5
산뜻한,5
상반기,5
상큼해서,5
샐러드도,5
샐러드추천,5
생일,5
석식메뉴도,5
선택하는,5
설명서,5
세트가,5
소스도,5
소중한,5
속이,5
손질한,5
시간이,5
시원하게,5
시작,5
식판샷,5
신메뉴가,5
신선함,5
싶을,5
썰어,5
씨를,5
아니라,5
아시죠,5
아직,5
아침메뉴,5
아침을,5
알차게,5
얇은,5
어느,5
없고,5
엑스트라버진,5
여기,5
여름,5
여름에는,5
여전히,5
예약주문,5
오늘의저녁,5
오늘점심,5
올리브오일을,5
올리브오일추천,5
올리브유를,5
우유,5
운영,5
원래,5
원하시는,5
월요일,5
유명한,5
이름이,5
이상,5
이상의,5
이용가능,5
익숙한,5
인스타그램에서,5
인원부터,5
일반,5
일부터,5
일상기록,5
일찍,5
입안,5
있을,5
있음,5
재미가,5
저도,5
적당히,5
전남,5
전문업체,5
전화,5
점심메뉴입니다,5
점심으로,5
제법,5
조합으로,5
조합은,5
좋더라구요,5
죠샌드위치샐러드여주점여주죠샌드위치감사합니다,5
주문은,5
주차장,5
준다,5
준비,5
즐겁게,5
즐겨보세요,5
진심,5
질문이나,5
집밥스타그램,5
집밥요리,5
쫀득,5
찍어,5
참깨,5
채소가,5
채소를,5
채썰고,5
채우고,5
처음,5
첫째,5
청양고추,5
초간단,5
촉촉하고,5
최근에,5
치즈의,5
콥샐러드,5
크래미,5
크림치즈,5
클래식,5
탁월한,5
토종,5
통해,5
티스푼,5
파스타면,5
페스토,5
푸디스퀘어를,5
품종,5
풍미,5
풍미의,5
풍부한,5
프로,5
하게,5
하나하나,5
하네요,5
하루전,5
하모니로,5
한그릇요리,5
한줌,5
했는데,5
행사,5
홈페이지,5
후불결제,5
후에르타로스까뇨스,5
훈제,5
훈제오리,5
힐링,5
ㅋㅋ,4
ㆍㆍ,4
가격을,4
가면,4
가입,4
간이,4
간편요리,4
갈비,4
감사,4
감자전,4
같다고,4
같아서,4
개별,4
걱정,4
것도,4
겉은,4
겨울,4
견과류,4
경기도,4
고객님,4
고맙습니다,4
고추장크림,4
곡성로컬푸드,4
공복,4
공지,4
과일샐러드,4
관심,4
광양시,4
광화문,4
교육,4
구디구내식당,4
구로구내식당,4
구로디지털구내식당,4
구로맛집,4
구우면,4
구현,4
국산,4
군만두,4
굳이,4
굵은,4
그나저나,4
급식스타그램,4
급하게,4
기록,4
기분이,4
기술적인,4
깔고,4
꽃게를,4
나뉩니다장소와,4
나다움,4
나와,4
내용과,4
넉넉히,4
넘넘,4
노란,4
느낄,4
느억맘,4
다이어트레시피,4
다이어트샐러드,4
다이어트일기,4
다이어트하는,4
다져,4
단짠,4
닭고기,4
담백하고,4
대륭포스트타워,4
댄스댄스댄스,4
더건강한,4
더더,4
더블,4
데친,4
도움을,4
동선에따라,4
돼지고기,4
드뎌,4
드레싱으로,4
드셔도,4
들고,4
등등,4
디핑,4
딱이에요,4
땡겨요,4
또띠아,4
뚜껑만,4
라갈비,4
라는,4
라디오,4
런닝크루,4
런칭,4
레드마요소스,4
레스토랑,4
로메인,4
로제,4
루비에스,4
루이보스티,4
리프레시,4
링크의,4
마르쉐,4
마리,4
마요네즈를,4
마음으로,4
마침,4
만들고,4
만들기,4
만들어보세요,4
만들어봤는데,4
만들어신선하고,4
만들었습니다,4
만족,4
많습니다,4
말씀해,4
맛있음,4
맞게,4
맞팔,4
매일매일,4
매장을,4
매장의,4
맨날,4
먹게,4
먹다가,4
먹었는데,4
먹었던,4
먹으려고,4
먹을까,4
먹자마자,4
먹지,4
먹팔,4
먼곳도,4
메뉴들,4
메뉴예요,4
메뉴추천,4
명인만두,4
모차렐라,4
못하고,4
무려,4
무엇보다,4
무침,4
문자를,4
미유,4
미유카페,4
미인,4
민트,4
믿고,4
바꿔주면,4
바르닭,4
바질,4
박스,4
반숙,4
받는,4
발사믹은,4
밥과,4
밥은,4
밥집,4
방지,4
방토,4
배는,4
배샐러드,4
배와,4
배우,4
배추에,4
버라이어티,4
버진,4
번길,4
병원,4
보리,4
보세요,4
복숭아를,4
볶고,4
볶다가,4
볶아,4
볼까,4
부담없이,4
부디,4
부분에,4
분들에게,4
분들은,4
분들의,4
분컷,4
비벼,4
비빔,4
비프,4
빠져있는,4
빵이,4
빼주세요,4
사과주스,4
사랑하는,4
사용한,4
사이로,4
사장님,4
사장님과,4
사진,4
사진이,4
산책,4
삶아,4
새로이,4
새벽,4
새벽배송,4
새우를,4
색다른,4
샐러드야채에,4
서브웨이에서,4
섞어낸,4
선택가능,4
선택해,4
선팔,4
세상에,4
섹시한,4
소금을,4
소불고기,4
소비쿠폰,4
소스로,4
소스입니다,4
소진시,4
속은,4
속을,4
손이,4
수는,4
수도,4
수량에따라,4
수분,4
수육,4
숙주나물,4
순두부국,4
스페인산,4
시간의,4
시원한,4
시작은,4
시저샐러드,4
시즈널,4
시즈닝,4
식감과,4
식단일지,4
식빵,4
신규,4
신상,4
신청은,4
싶다면,4
싶어요,4
쌈장마요,4
썰고,4
쑝여사,4
아끼지않은,4
아마,4
아쉬웠지만,4
아이,4
아이스크림,4
않게,4
않을,4
알찬,4
알찬식단,4
알찬푸드,4
앞으로도,4
야채는,4
야채만,4
야채와,4
약간의,4
어울리고,4
어제는,4
언니네,4
얼갈이,4
얼마나,4
없답니다,4
없었어서,4
없으면,4
에그,4
에그샌드위치,4
에그포테이토,4
엔다이브,4
여기에,4
여러분,4
여유롭게,4
역시나,4
연근,4
연어샐러드,4
영양,4
영양사스타그램,4
예쁘게,4
오늘메뉴,4
오늘의도시락,4
오늘의점심,4
오랜,4
오리엔탈드레싱,4
오리지널,4
오리훈제,4
오셔서,4
오전오후로,4
올려봅니다,4
올려서,4
올리브의,4
올린다,4
올해,4
와인안주,4
와주셔서,4
완벽,4
완벽히,4
요기요,4
요일,4
용기,4
운동하고,4
울산,4
원데이,4
원리,4
원최소주문,4
월메뉴,4
월엔,4
유료,4
유아의자,4
은은하게,4
음식과,4
음식을,4
응용력을,4
응원합니다,4
이게,4
이모저모,4
이쁜,4
이태리푸드마켓,4
인사드립니다,4
인스타,4
인천대,4
일전,4
일정,4
일주일,4
입맛,4
입에,4
있거든요,4
있게,4
있겠습니다,4
있고,4
있던,4
있었어요,4
있죠,4
자꾸,4
자두,4
자연스럽게,4
자연이,4
작업,4
잡채,4
재료는,4
저녁메뉴,4
저스트그린,4
저칼로리,4
적당한,4
전주,4
전혀,4
절로,4
점검하고,4
점심식사,4
점심에,4
정규반,4
정기,4
정기구독,4
제외한,4
조각,4
조리,4
좋아서,4
좋아하시는,4
좋았지만,4
주고,4
주먹밥,4
주문이,4
주셔서,4
주시는데,4
주신,4
준비된,4
중심으로,4
즐기세요,4
지켜봐,4
직화,4
진하고,4
짐키친,4
짤올라,4
짤유키,4
쪄서,4
쫄깃하게,4
찜기로,4
참치,4
채소는,4
채소에,4
채칼로,4
천원,4
청양고추와,4
청양고추치미추리,4
체험단,4
최소,4
치킨을,4
치팅,4
친구,4
칠리,4
컵과일,4
케이크,4
코리안,4
콘디멘토,4
콘코디언,4
콜키지,4
콩나물무침,4
콰트로치즈퐁듀,4
쿠폰팩,4
클래스는,4
클래스에,4
클린식,4
태어난,4
태우듯,4
테이크아웃,4
템페,4
토핑과,4
토핑을,4
톡쏘는,4
통한,4
튀김,4
티타임,4
파니니,4
파로,4
파스타를,4
파스타맛집,4
파스타와,4
팡팡,4
팬케이크를,4
페스타,4
평소에,4
평일,4
폴리페놀,4
풍성한,4
프레퍼스,4
프로슈토의,4
피드에,4
피드에서,4
필요한,4
하나씩,4
하다가,4
하실,4
하오니,4
하지,4
한계가,4
한국의,4
한끼는,4
한살림,4
한입에,4
할인쿠폰제공,4
핫도그,4
핫치킨,4
항만,4
항산화,4
해보세요,4
햄버거,4
향을,4
허니마요소스,4
허브렌치딥소스,4
현재,4
혈압,4
호매실점,4
호스테이크샐러드,4
홀에서,4
홈쇼핑,4
홍새우,4
화이팅,4
화이팅입니다,4
활기차게,4
활용도가,4
활용한,4
회사도시락,4
후무스,4
후추는,4
훈남의,4
휴무,4
흑임자참깨,4
ㅋㅋㅋㅋ,3
ㅎㅎㅎㅎ,3
ㅜㅜ,3
가능한,3
가든,3
가루를,3
가볍고,3
가산동,3
가산디지털단지역,3
가산현대아울렛점,3
가서,3
가세요,3
가셔서,3
가을을,3
가져온,3
가졌어요,3
각종,3
간단하지만,3
간단한데,3
간식스타그램,3
간식으로,3
간식을,3
간장돼지불고기,3
간편식,3
간편하면서도,3
간편한,3
갈릭,3
갈수록,3
감자로,3
같고,3
같아,3
개운한,3
거기에,3
거르면,3
거에,3
거쳐,3
건강관리,3
건강도,3
건너뛰고,3
것들,3
것에,3
것을,3
것이,3
결국,3
결을,3
곁들이면,3
곁들일,3
계란찜,3
계셔서,3
계속해서,3
계시죠,3
고급,3
고급스런,3
고급진,3
고단백,3
고소함이,3
고쎄,3
고쎄콘디멘토,3
곡물,3
공복에,3
공유,3
과자,3
과정,3
과정을,3
구경해보세요,3
구매시,3
구성과,3
구수한,3
구이,3
국내산콩,3
굴소스,3
궁금하다면샐러드,3
귀리,3
귀찮아서,3
균형을,3
균형있는,3
그간,3
그래놀라,3
그리스,3
그린,3
그린샐러드,3
그릴에,3
그외,3
그외에도,3
근데,3
금방,3
급찐급빠,3
기름진,3
기업도시락,3
기장밥,3
기존의,3
기타등등이요,3
기호에,3
김가루,3
김에,3
깍두기,3
깔끔하게,3
깨끗하게,3
깻잎,3
꺼내,3
꺼내서,3
꼬집,3
꼼꼼히,3
꽤나,3
꾸준한,3
꿀맛,3
꿀조합,3
끓는,3
끓는물에,3
나더라구요,3
나를,3
나머지,3
나면,3
나서,3
나트륨,3
나폴리탄,3
날씨에,3
남기시면,3
남편,3
남편이랑,3
낫또,3
낫또비빔밥,3
내돈내산,3
내몸을,3
냉장,3
넉넉한,3
넣기,3
넣어봤는데,3
넣어주고,3
넣어주세요,3
넣으면,3
노력하겠습니다,3
노력하는,3
노른자,3
놓치면,3
놓치지,3
누오바테라,3
눈바디,3
눈에,3
눈이,3
느껴보세요,3
느껴져서,3
느낍니다,3
다르게,3
다소,3
다음에는,3
다음주부터,3
다이어트를,3
다채로운,3
단맛에,3
단맛이,3
단백질도,3
단백질식단,3
단백질을,3
단일,3
단채주문환영,3
단체모임도시락,3
단체주문환영,3
단호박과,3
단호박을,3
달걀과,3
달달,3
달리,3
달콤하고,3
달콤향긋하게,3
닭가슴살을,3
닭갈비,3
닭꼬치,3
닭안심살,3
담다,3
담백하게,3
담았어요,3
답례품,3
당분간,3
당일배송,3
당첨자,3
대구,3
대기업,3
대용,3
대추,3
대표,3
댓글로,3
더하다,3
도는,3
도시락배달,3
도시락으로,3
도움,3
돌아,3
동그랗게,3
동두천도시락,3
된다,3
두가지,3
두른,3
두배로,3
두부면,3
드레싱도,3
드레싱의,3
드레싱이,3
드리겠습니다,3
드셨길,3
드시면서,3
든든,3
든든하고,3
들어가는,3
등심,3
등에,3
디자인하는,3
디종,3
딱인,3
때도,3
때마다,3
또띠아도,3
뚜레쥬르,3
뚝딱,3
뜨거운,3
라이스볼,3
라인업의,3
래디쉬,3
레시피로,3
로스트,3
리그램,3
리뷰,3
리셋하세요,3
마냥,3
마녀스프,3
마샹스,3
마세요,3
마음도,3
마지시모,3
만나,3
만나서,3
만날,3
만두,3
만든다,3
만들,3
만듭니다,3
만큼,3
많은데,3
말려,3
말이,3
맛과,3
맛나요,3
맛보고,3
맛보는,3
맛있는거,3
맛있다고,3
맛점,3
맞춤,3
매력,3
매운,3
매운맛,3
매운맛이,3
머스타드를,3
먹어보는,3
먹어봤는데,3
먹어주고,3
먹었답니다,3
먹었습니다,3
먹으면서,3
먹을수,3
먹음,3
먹자,3
멋진,3
메밀면,3
메인,3
면은,3
면을,3
멸치볶음,3
멸치액젓,3
명절에,3
모닝롤,3
모두들,3
모드로,3
모든메뉴,3
모양으로,3
모짜렐라,3
몰라요,3
몸과,3
못먹는,3
무생채,3
무화과를,3
묵은지,3
문의가,3
문의는,3
물면,3
뭐가,3
뭐먹을랩,3
뭔가,3
미역국,3
미유에서,3
믹스,3
민락동밥집,3
바나나,3
바다,3
바라며,3
바라요,3
바쁘고,3
바삭한,3
바퀴,3
바프,3
바프식단,3
밖에서,3
반으로,3
반찬으로,3
발라,3
발사믹식초추천,3
발사믹을,3
발표,3
밤이,3
밥을,3
방법,3
방식,3
배달도,3
배달비무료,3
배부르더라구요,3
배추김치,3
배추를,3
백김치,3
버무리기,3
버무리면,3
버섯이,3
버터에,3
베스트,3
베어,3
병원도시락,3
보세페,3
보이는,3
본연의,3
부대찌개,3
부득이하게,3
부랴부랴,3
부산,3
부탁드려요,3
분은,3
브런치를,3
브런치맛집,3
브런치의,3
브런치카페,3
비니거,3
비빔만두,3
비트,3
빈티지그릇,3
빵순이,3
빵스타그램,3
빼야지,3
뿌려주면,3
뿌려주세요,3
뿌린,3
사과는,3
사무실도시락,3
사서,3
사용시,3
사용하는,3
사이드,3
사장님께서,3
사장님이,3
사진에는,3
산도,3
산도를,3
살고,3
살림스타그램,3
살빠지는,3
상추,3
상큼,3
상큼하게,3
상품권,3
색이,3
샌드위치와,3
샐러드에용,3
샐러드카페,3
샐러드판다,3
생각,3
생각하고,3
생기면,3
생략,3
생연어,3
샤브샤브,3
샤인머스캣에,3
서브웨이꿀조합,3
서브웨이샐러드,3
서울맛집,3
선물용으로도,3
선선한,3
선선해진,3
선택해서,3
선호하시는,3
설프도시락,3
성분,3
소금에,3
소소한,3
소스의,3
소식을,3
손으로,3
송우리도시락,3
수가,3
수입,3
수제피넛드레싱,3
수확,3
수확되는,3
순간,3
스무디,3
스위트콘,3
스타벅스,3
스텐,3
스토리,3
스페인,3
슬로우,3
슬로우캘리,3
슬로우캘리로,3
시간에,3
시그니처,3
시금치,3
시까지,3
시럽,3
시에,3
시작해요,3
시작했어요,3
식감에,3
식감을,3
식단은,3
신기한,3
신청,3
신혼요리,3
실리팟,3
싫은,3
심지어,3
싶으신,3
써브웨이신상,3
썰어서,3
쏙쏙,3
쓰는,3
씹어,3
씻은,3
아기,3
아님,3
아래,3
아래칸은,3
아메리카노,3
아무도,3
아보카도와,3
아삭아삭,3
아삭하고,3
아예,3
아이가,3
아이들이,3
아점,3
안심하고,3
안에,3
않는다,3
알차고,3
압력솥밥,3
야무지게,3
야채들로,3
야채랑,3
야채를,3
양덕로,3
양주도시락,3
양주맛집,3
어느덧,3
어느새,3
어떠신가요,3
어묵볶음,3
어쩜,3
언제,3
엄마가,3
업로드,3
없었어요,3
없음,3
에그마요,3
에그타르트,3
에이드,3
에프,3
에피루스비오스,3
엑스트라,3
여긴,3
여러분의,3
여유를,3
여유있습니다,3
역대급,3
연간,3
영양사그램,3
영양을,3
오는,3
오늘부터,3
오늘의샐러드,3
오래가더라구요,3
오랫동안,3
오리엔탈,3
오이랑,3
오직,3
오트,3
올리고당,3
올리브유에,3
와사비,3
완두콩,3
완성이에요,3
완성입니다,3
왔네요,3
왜이리,3
요리가,3
요리를,3
요리에,3
요새,3
요즘은,3
욕심이,3
우삼겹메밀면샐러드,3
우유에,3
운동으로,3
운동은,3
원주,3
원칙,3
월밥,3
유러피안채소,3
음식인,3
의정부도시락,3
의정부맛집,3
이곳,3
이슈로,3
이어,3
이왕,3
이용해,3
익산,3
인홈,3
일만,3
일산,3
일상에서,3
일째,3
있길래,3
있었는데,3
있지만,3
잎채소,3
자극적이지,3
자연식물식,3
작게,3
잔반,3
잘라서,3
잠시,3
잠실,3
잠실맛집,3
재료들로,3
재료로,3
재료의,3
저녁밥,3
저당드레싱,3
저렴한,3
저장,3
저처럼,3
적양파,3
전주도시락,3
점심배달,3
점심시간,3
점심은,3
젓갈,3
정기도시락,3
정성,3
정성껏,3
정성스레,3
제공되는,3
제공하였습니다,3
제로,3
제작,3
제철과일,3
제철이라,3
조금만,3
조금씩,3
조금은,3
조합에,3
조합을,3
좋네요,3
주도,3
주말도,3
주말이,3
주문주셔서,3
주스,3
주중,3
준비한다,3
준비합니다,3
준비해드렸어요,3
준비해서,3
준비해주세요,3
줄어드는,3
중식도시락,3
즐기지도,3
지역,3
직전에,3
진심인,3
진해,3
질좋은,3
집들이,3
집반찬,3
집밥메뉴,3
집에서도,3
집이,3
짭조름한,3
짱아찌,3
차돌박이,3
참고해주세요,3
찾으시는,3
채널,3
채소들과,3
채소로,3
채소요리,3
채소의,3
채식지향,3
챙기는,3
천천히,3
체스키포슬란,3
초보요리,3
촉촉한,3
최저가,3
추가로,3
추가하는,3
추워진다는데,3
추천드려요,3
출근,3
출시,3
충전,3
치커리,3
치폴레소스,3
친구추가,3
친절하셔서,3
카톡,3
카톡문의,3
칼로리는,3
커스텀,3
커피맛집,3
컨디션,3
코튼시드,3
콘샐러드,3
쿠팡,3
퀴노아,3
크기로,3
크런치,3
크루통,3
키위,3
타코가,3
탄탄,3
탈탈,3
토마토와,3
토마토파스타,3
토핑으로,3
토핑은,3
트러플,3
특유의,3
튼튼한방병원,3
파내고,3
파르마지아노,3
파스타면이,3
파우더,3
퍼져요,3
퍼지는,3
페타치즈,3
펜넬,3
평생,3
평소,3
포장되어,3
포천도시락,3
포케로,3
포켓,3
포크,3
표고버섯,3
푸드박스,3
푸드스타일링,3
푸짐한,3
품절슬라이스,3
풍부,3
프리미엄올리브오일,3
프릴아이스,3
플레인,3
피스타치오,3
필요합니다,3
하겠습니다,3
하나의,3
하네,3
하니,3
하루도,3
하루에,3
하루종일,3
하몽,3
하신,3
한국은,3
한그릇,3
한끼를,3
한다,3
한우,3
한접시,3
한정판,3
한주,3
함께하는,3
함께합니다,3
핫한,3
해물,3
해야,3
해운대,3
해주세요,3
햄치즈,3
햄치즈에그샌드위치,3
했어요,3
행복하세요,3
향긋하고,3
향긋한,3
헬린이,3
현대,3
현미밥,3
혈당,3
혈당이,3
호박,3
호박볶음,3
홀그레인머스터드,3
홈스토랑,3
홈파티,3
화이트발사믹식초,3
확률,3
환절기,3
활짝,3
회만,3
회수,3
효과를,3
후추로,3
후추를,3
흔들어,3
ㅋㅋㅋㅋㅋㅋ,2
ㅋㅋㅋㅋㅋㅋㅋㅋㅋㅋㅋㅋㅋ,2
ㅏ쁜걸까,2
ㅠㅠ,2
가게를,2
가격과,2
가격단체주문,2
가격도,2
가격상담,2
가격인상,2
가고,2
가기,2
가끔,2
가능하며,2
가능하시고,2
가능하시고아침부터,2
가득가득,2
가득찬,2
가득하게,2
가득했답니다,2
가보고,2
가산디지털역샌드위치맛집,2
가세요자주,2
가시는,2
가요,2
가을에는,2
가을의,2
가을이,2
가을하모니,2
가이딩,2
가정식반찬,2
가정식의,2
가져와,2
가족끼리,2
가족들이,2
가지고,2
가지랑,2
가지맛으로,2
가진,2
간단한한끼,2
간단해요,2
간단했고,2
간만에,2
간만의,2
간병,2
간식부터,2
간식으로도,2
간식은,2
간을,2
간편하고,2
갈갈,2
갈레트,2
갈릭맛,2
갈비친정에서,2
갈아주세요,2
갈은,2
갈치구이갈치에,2
감귤,2
감기조심하시구,2
감동란,2
감동이었어요,2
감사드리고샐그룸에서,2
감사의,2
감사하겠습니다,2
감사하다고,2
감사합니댜,2
감성,2
감성으로,2
감싸,2
감싸는,2
감싸서에어프라이어에,2
감싼,2
감을,2
감자가,2
감자를,2
감자보다,2
감자에,2
감자인데,2
감자전아,2
감자채전,2
감홍,2
감홍사과만,2
갔다가,2
강남이,2
강추입니다,2
강판,2
같더라구요,2
같아서기록해보는,2
같아서요,2
같아요이름,2
개남아있습니다,2
개선,2
개선된,2
개선하는,2
개성을,2
개씩,2
개월,2
개인,2
개입,2
거대한,2
거라,2
거실,2
거칠지만,2
걱정없이,2
걱정이지만,2
건강까지,2
건강도시락,2
건강빵,2
건강주스,2
건강한데,2
건강한식단,2
건강한척,2
건강해지고,2
건네주시는,2
건데요,2
건지맛은,2
걷기에도,2
걷어내며,2
걸렸지만,2
걸음을,2
검단신도시,2
검색해주세요,2
것들을,2
것들이,2
것보다,2
겉바속촉으로,2
게시물,2
겨울에는,2
겨울이네요,2
견과류구이,2
견과류눈,2
결과로,2
결국엔,2
경북,2
경험하고,2
곁들였고,2
곁들인,2
곁들인여러가지,2
계란감바스같은,2
계란을,2
계란이,2
계란후라이,2
계량,2
계속하고,2
계시던어머니를,2
계절을,2
고객님께,2
고객님들,2
고객님들께서는,2
고객들도,2
고객들의,2
고구마튀김,2
고구마파인데,2
고급스러운,2
고급스러워서,2
고급스럽게,2
고기랑,2
고기를,2
고기와,2
고단백바게트,2
고당도,2
고등급식,2
고르고,2
고른,2
고를,2
고메,2
고메숍을,2
고물가,2
고민하다,2
고민하지,2
고민해보다가,2
고사리,2
고생,2
고생한,2
고소,2
고소짭짤,2
고소하고,2
고양,2
고추,2
고추장을,2
고친다,2
곡성디저트,2
곡성마카,2
곡성맛집,2
곡성여행,2
곤약밥,2
골드,2
골든델리셔스,2
골라주세요,2
곳과,2
곳을찾던,2
곳이,2
곳이었어요,2
공간,2
공간이,2
공구에서,2
공구중에만,2
공기가,2
공복에도,2
공지의,2
공휴일,2
공휴일은,2
과산도가,2
과연,2
과육,2
과일들이,2
과일부자,2
과일부자라구요,2
과일인,2
과일착즙,2
과일케익,2
과일향도,2
과정에서,2
과정의,2
과즙과,2
과즙까지겉은,2
관건,2
관리하는,2
관심을,2
광산구맛집,2
광산구샌드위치,2
광주맛집,2
광주샌드위치,2
광한루,2
광흥창,2
괜찮았다,2
괜찮았던,2
괜찮았어요,2
괜히,2
교배해,2
교육은,2
교하,2
구경,2
구래동반찬,2
구래동반찬배달,2
구매건,2
구매는,2
구매하실,2
구매해서,2
구매해참외,2
구매했어요,2
구석에,2
구성력을,2
구성안,2
구스베리,2
구운계란,2
구운달걀,2
구운새우,2
구운후,2
구워내고주방,2
구워먹는치즈,2
구워서한,2
구워져서,2
구워주고,2
구워주세요,2
구웠더니완전,2
구이조금,2
구입한,2
구입해,2
국내,2
국내산연근조림,2
국물까지,2
국물이,2
굽고냉장고에,2
굽고단백질,2
굽는게,2
굽는다,2
굽는데,2
궁금하네요,2
궁금해서,2
궁금해짐,2
궁금했던,2
궁뎅이빵과,2
궁채가,2
궁채나물,2
귀여운,2
귀엽고완벽하게,2
귀엽꼬,2
귀저칼로리,2
귀찮긴,2
균형,2
그거,2
그게,2
그날까지,2
그라나파다노,2
그라나파다노치즈,2
그라인더후추,2
그러다,2
그러던,2
그런거죠,2
그런건지,2
그릇쇼핑,2
그릇을,2
그릇의,2
그릇이상,2
그릇인데뭘,2
그리델리,2
그릭샤인,2
그릭요거트참치샐러드,2
그린그릭,2
그린빈,2
그린프레쉬,2
그릴드,2
그믐,2
그믐바이트,2
근력강화,2
근사하게,2
글루텐프리,2
글을,2
금손,2
금전수가,2
금천동,2
급추워질줄이야,2
기간,2
기념,2
기능,2
기다려,2
기다려주셔서,2
기다려주셨는지,2
기대만큼,2
기록이,2
기록할,2
기본기를,2
기본기와,2
기본이,2
기본적인,2
기쁘답니다,2
기술을,2
기술적,2
기억에,2
기억합니다,2
기억해두세요,2
기준이,2
기준치,2
기초,2
기타,2
기회가,2
기회를,2
기회에,2
긴긴,2
긴장됐다고,2
김나영,2
김나영의,2
김말이튀김,2
김밥김,2
김밥재료,2
김밥키트,2
김치국,2
김치도,2
김치잔치국수,2
김치전,2
김치제육,2
김포,2
김포반찬,2
김해,2
까뇨스,2
까멜리아,2
까서,2
까지오랜만의,2
까페,2
깍둑,2
깔아주면,2
깜빠뉴,2
깨끗이,2
깨드레싱진간장,2
깨소금,2
꺼냈어요배고프고,2
껍질에,2
껍질을,2
껍질이,2
꽃게,2
꽃게액젓,2
꽃게탕,2
꽃볼,2
꽃접시,2
꽉꽉,2
꽉짜서,2
꾸덕한,2
꾸준함을,2
꾸준함의,2
꿀버터,2
꿀템입니다,2
꿔바로우,2
끌어올려,2
끓여,2
끓여먹고감자탕도,2
끝까지,2
끝나서,2
끝물인지,2
끝판왕,2
끼가,2
끼로,2
나가고,2
나고요,2
나길래,2
나눠,2
나뉩니다,2
나들이나,2
나들이는,2
나무통에서,2
나물무침,2
나쁘지,2
나쁜,2
나에게,2
나오네요,2
나오는,2
나왔어요,2
나은,2
나쵸랑,2
난생,2
난이제지쳤새우땡초파스타,2
날씨도,2
날씨라,2
날씨만,2
날씨예보도,2
날에는,2
날엔,2
날이네요,2
날일수록,2
날처럼,2
날치알과,2
남겨보는,2
남기려,2
남깁니다,2
남부의,2
남부풀리이,2
남아서,2
남원포케,2
남은건,2
남이,2
남편생일,2
남해,2
낮고,2
낮과,2
낮은,2
낮춥니다,2
내게,2
내놓고,2
내려온다는,2
내린다고요,2
냉동실에,2
냉동용기에,2
냉수육,2
냉장고에서,2
냉추출공법으로,2
냐옹이식빵,2
냥부부토스트,2
냥스타그램,2
너무나도,2
너무해그래도,2
너어무,2
넓은,2
넘게,2
넘겨,2
넘넘넘,2
넛버터,2
넣고스리라차,2
넣기고추가루,2
넣어가며,2
넣어도,2
넣어주면,2
넣어주문했는데,2
넣었어요,2
넣을,2
네이버쇼핑,2
네이버에,2
년산,2
년씩,2
년에,2
년연속메달획득,2
년은,2
년을,2
노력합니다,2
노른자터트려,2
노릇노릇두부,2
노오란빛으로,2
노하우,2
노형,2
노화,2
녹아가는,2
녹여,2
놀라움을,2
놀랍습니다,2
놀먹하고,2
놈이,2
높아진거,2
높여,2
놓는다,2
눈꽃치즈,2
눈물이,2
눈여겨보던,2
눈치게임에,2
눌러주면,2
뉴샐,2
느꼈어요,2
느끼는,2
느끼시더라고요,2
느끼해져서,2
느낌으로,2
느낌을,2
느낌이,2
느낌이더라구요,2
느낌이라,2
느낌인데,2
느낌입니다,2
늘어났지만,2
늘었더라구요,2
늦어져서,2
늦은,2
늦추기로,2
닌자,2
님에게,2
다녀오고이제서야,2
다녀오느라,2
다녀왔어요,2
다덜,2
다래,2
다래아주,2
다르더라고요,2
다먹기,2
다목적,2
다양하고,2
다음부턴,2
다음은,2
다이닝,2
다이렉트,2
다이어터식단,2
다이어터인,2
다이어트는,2
다이어트도,2
다이어트만을,2
다이어트맛집,2
다이어트소통,2
다이어트식,2
다이어트식단만들어드세요채칼,2
다이어트음식,2
다이어트의,2
다이어트정보,2
다이어트푸드,2
다정해집니다,2
다진양파,2
단감,2
단골,2
단단한,2
단백질간식,2
단백질소스,2
단백질이면,2
단순한,2
단식,2
단짠의,2
단체메뉴보다,2
단체예약,2
단체행사,2
단호박샌드위치,2
단호박영양찜,2
달걀면,2
달달구리,2
달라지는,2
달리고,2
달만,2
달수,2
달쯔,2
달콤하니,2
달콤함에,2
달콤함이,2
달큰한,2
닭가슴살과,2
닭가슴살부터,2
닭고기의,2
닭다리,2
닭다리살,2
닭다리살을,2
닭밥야,2
닭볶음탕,2
닭안심살에,2
닭을,2
담고있어요,2
담긴,2
담긴올리브오일을,2
담소,2
담아내면서도,2
담아낸,2
담아도,2
담아먹는,2
담아먹으면,2
담아서,2
담으면,2
담은후,2
답게,2
답변,2
당근라페는,2
당근을,2
당분간은,2
당시,2
닿는,2
대비,2
대용량,2
대체가능,2
대표메뉴,2
더건강한닭가슴살,2
더블박스,2
더운,2
더울라나,2
더치커피,2
더하고,2
더한,2
더합니다,2
더했어요,2
덕분에마음,2
덕분에오늘,2
덕에블라인드,2
덕후답게,2
던킨,2
던킨원더스,2
던킨원더스강남,2
덥지도,2
덮어서,2
데리고,2
데일리로,2
도리토스,2
도모해보세요,2
도보,2
도시의푸른농장,2
도안준비되어있으시다면,2
도에,2
도와,2
도움이,2
도자기,2
도전,2
도전하러갑니다,2
도착한,2
도파민,2
독서당로,2
독점으로,2
독특한,2
돌다,2
돌던,2
돌아가자마자디몰페타,2
돌아오세요,2
돌아온,2
돌아왔습니당ㅎㅎ,2
돌아왔어요잘하고,2
돌체,2
돕고,2
동구,2
동글동그르,2
동시에,2
동일한,2
동일합니다,2
동치미,2
동탄점,2
동탄튼튼한방병원,2
동편마을,2
됐어요,2
됐을까,2
되겠다,2
되길,2
되셔요,2
되어요,2
되었다고,2
되었을까요,2
된장짜글이,2
된장찌개맛,2
될지,2
됩니다,2
두개,2
두고자,2
두달,2
두둑하니,2
두루치기,2
두부랑,2
두부크림치즈,2
두유면으로,2
둔다,2
둘이,2
둬도,2
뒤로,2
드네요와,2
드러내는,2
드레싱에,2
드레싱이랑홍새우,2
드레싱저당,2
드리기,2
드릴,2
드림이,2
드셔보세용,2
드셨나요,2
드시고요,2
드시면,2
든든하면서도,2
든든해지는,2
듣고,2
들깨미역국,2
들깨미역국요건,2
들뜬,2
들어가,2
들어갔어요,2
들어오는,2
들어온,2
들었던,2
들었을,2
등록된,2
등분,2
등여러가지,2
등장하는,2
등장한,2
디너롤,2
디몰페타유기농올리아로라올리브오일,2
디몰페타유기농페렌자나올리브오일을,2
디벨라레시피,2
디스플레이와,2
디자인밀,2
디핑소스,2
딥앤딥소스한국의,2
따뜻하고,2
따로오는데,2
따자마자,2
딱이에요집에서도,2
딸기를,2
딸기잼,2
딸기잼으로,2
딸이,2
땅콩,2
땅콩분태,2
땅콩호박,2
때는,2
때에는,2
땡기실,2
땡초,2
떠나보는,2
떠올라,2
떡볶이,2
떡조림,2
떨리고,2
떨면,2
또띠아롤적채,2
또띠아에싸먹으면,2
똑같이,2
뛰며,2
뜯는,2
띵순이식단,2
라갈비만,2
라갈비며칠동안,2
라까사,2
라떼도,2
라보니시마,2
라스트,2
라이딩,2
라이트하고,2
라이프밀,2
라임즙,2
라임즙을,2
라즈베리,2
라지,2
래디쉬루꼴라샐러드,2
랜덤,2
랜치소스고정으로,2
러닝,2
러버들은,2
러블리제이브레드,2
러프한,2
런치박스,2
레드,2
레드립,2
레드벨벳,2
레드소스와,2
레몬드레싱,2
레몬제스트,2
레시피가,2
레시피알려드릴게요,2
레시피와,2
레지아노,2
렌치,2
렌틸콩을,2
로감량,2
로도,2
로렌조,2
로스,2
로스트치킨,2
로켓프레시로,2
론지노,2
루꼴라까지,2
루꼴라넣은,2
루꼴라를,2
루꼴라샐러드,2
루틴을,2
리뉴얼,2
리본,2
리얼키위,2
리제르바,2
리코타치즈가,2
리코타치즈샐러드,2
리필리필해서,2
리필치즈,2
릴스,2
릴스로,2
링크로,2
링크에,2
마늘쫑,2
마니,2
마니아라면,2
마른,2
마른반찬,2
마무리가,2
마산동반찬,2
마산동반찬배달,2
마산양덕동이번에,2
마산회원구,2
마샹스남해,2
마샹스사천,2
마샹스삼천포,2
마성의,2
마시는,2
마싯게,2
마음에도,2
마이,2
마지막날이네요,2
마지막은,2
마치,2
마포구,2
막걸리,2
만나볼,2
만나서도,2
만나자고,2
만난적이,2
만년,2
만들어가는,2
만들어도,2
만들어드리기,2
만들어본,2
만들어서,2
만들어주는,2
만들어줍니다,2
만들어줬어요요즘,2
만들어첨가물,2
만족감,2
만족도가,2
만족스러운,2
만족스러워요,2
만족해서,2
많고,2
많다고,2
많았습니다,2
많으셨어요,2
많으시죠,2
말리부,2
말수,2
말씀,2
말씀요,2
말씀을드립니다,2
말아먹는,2
말았던,2
말차,2
말해야,2
맘에,2
맛들렸거든용,2
맛보러,2
맛술,2
맛으로,2
맛이라,2
맛이에요,2
맛있고매직,2
맛있는데요거는,2
맛있는한끼,2
맛있어서멘날맨날,2
맛있어요피스타치오버터까지,2
맛있었던,2
맛있었어서또,2
맛있으니,2
맛있으면,2
맛있을것,2
맛있을듯,2
맛있지,2
맛점하시고,2
맛집은,2
맛집을,2
맞는,2
맞지,2
맞춥니다,2
맡았는데,2
매일두유연수,2
매장문의,2
매장에서도,2
매장영업은,2
매장입니다,2
매장픽업,2
매직,2
매직시즈닝,2
매콤하게,2
매콤함이,2
매트,2
맵달밀떡볶이,2
맹글어,2
머나먼,2
머릿속에,2
머무는,2
머스타드의,2
먹거나,2
먹고싶어서,2
먹고싶었어요,2
먹고싶은,2
먹곸ㅋㅋㅋㅋㅋ사실,2
먹기만,2
먹기보다,2
먹는거라서,2
먹는거처럼,2
먹는게,2
먹는데,2
먹는데에,2
먹방만,2
먹스타맞팔,2
먹습니다계란,2
먹어보고팠던,2
먹어보려고,2
먹어봐야지,2
먹어야,2
먹어야겠다,2
먹어야지,2
먹어주는데,2
먹어주었습니다,2
먹었고요,2
먹었네요,2
먹었는데빨간색이,2
먹었더니,2
먹었습니당,2
먹었어요샐러드는,2
먹었으니,2
먹었음,2
먹었지만,2
먹으니까,2
먹으려구요크림치즈와,2
먹으면정말이지,2
먹을게,2
먹을꺼라,2
먹을지,2
먼길,2
먼뜨,2
멀리,2
멀리서,2
메그밀크,2
메뉴공유,2
메뉴들로,2
메뉴로도,2
메뉴만을,2
메뉴얼로,2
메뉴인,2
메뉴판이,2
메밀,2
메밀면볼은,2
메바주,2
메이플시럽,2
메인이다,2
메추리알,2
멜론,2
멜론과,2
멜론스럽기도,2
멤버이자,2
며칠,2
면역력이,2
몇몇,2
모과같은,2
모녀,2
모닝빵,2
모닝빵샌드위치,2
모르겠네,2
모르고,2
모르타델라,2
모습을,2
모시고,2
모양,2
모양이,2
모집,2
모짜렐라치즈,2
모차렐라를,2
목살,2
목살스테이크,2
몰리짱이,2
몸매관리,2
몸무게,2
몸무게의,2
몸스타그램,2
몸을,2
못먹었네요,2
못하셔서,2
못하셨던,2
못한,2
무겁지,2
무너지는,2
무농약,2
무럭무럭,2
무료배송으로,2
무말랭이고춧잎무침,2
무방,2
무사히,2
무섭더라구요,2
무슈에서,2
무엇을,2
무인,2
무인매장,2
무인매장으로,2
무조건적인,2
무화과까지,2
무화과와,2
묵혀있었던,2
문구프린트,2
문득,2
문어감자샐러드,2
문어랑삶은,2
문의를,2
문제,2
묻힌,2
물가상승으로,2
물결무늬오이무침양파같이,2
물결썰기,2
물기짜주세요,2
물로,2
물리거든요,2
물리적인,2
물씬이죠,2
물어볼수,2
물을,2
뭍혀,2
뭔지,2
미금역,2
미끄럼,2
미니로티세리치킨,2
미니어쳐,2
미뤄뒀던,2
미미헌브레드,2
미세한,2
미역초무침,2
미열이,2
미용실,2
미즈에서,2
미친,2
믹스드,2
믹싱볼로,2
민트잎,2
민트잎을,2
믿습니다,2
밀가루,2
밀도,2
밀카페,2
밀카페우프,2
밀폐용기에,2
밍숭맹숭망숭이라,2
밑간해주세요,2
바게트를,2
바깥,2
바꾸고,2
바뀌는,2
바랄게요,2
바래요,2
바르닭서포터즈,2
바르닭즈,2
바빠지셔서,2
바삭하게,2
바스키아,2
바이트,2
바지락술찜,2
바질잎을,2
바질파스타볼은,2
바프준비,2
박과,2
박스입니다,2
박스째,2
박스케이터링,2
밖에,2
반갑게,2
반갑습니다,2
반려동물,2
반려인과,2
반숙란,2
반숙이었습니다,2
반숙후라이,2
반신반의하는,2
반응,2
반짝,2
반찬데이,2
반찬이,2
반통올리브오일소금후추베이컨,2
반통을,2
반포,2
반해버렸어요,2
반해서,2
받아들이면서,2
받은,2
발걸음,2
발견하고,2
발견하고적당히,2
발급,2
발사믹드레싱,2
발사믹식초를,2
발사믹으로,2
발사믹이,2
발사믹펄,2
발송,2
발전하는,2
발판을,2
발효,2
발효부엌,2
밤잼,2
밤잼을,2
밥반찬,2
밥아조씨,2
밥아조씨와,2
밥에,2
방문포장,2
방문해,2
방문해도,2
방문해서,2
방법은,2
방울토마토와,2
방지처리,2
방토라도,2
배고파,2
배고픈,2
배달되는,2
배달로,2
배달시,2
배달시키면,2
배달요금,2
배달의민족에서,2
배달특급,2
배달특급은,2
배라고,2
배랑,2
배려를,2
배민의,2
배변,2
배부르게,2
배부른,2
배불러서,2
배불리,2
배샐러드를,2
배오이,2
배우셨어요,2
배웁니다,2
배의,2
배출,2
배출에,2
백설,2
밸런스가,2
버거,2
버거입니다,2
버릴,2
버무려주세요,2
버무리고,2
버블티,2
버섯볶음,2
버섯샐러드,2
버섯은,2
버전은,2
버터구이,2
버터와,2
번에,2
번을,2
번째,2
번째로,2
범계,2
법을,2
법이,2
벗겨내,2
베리에이션,2
베이글여기에,2
베이스로,2
베이스에,2
베이컨을,2
베이컨이,2
베이컨칩,2
베이킹,2
베이킹을,2
베임,2
변경불가능,2
변경을,2
변신또,2
변신하고또,2
변주하는,2
변하지,2
변화,2
변화가,2
변화는,2
변화와,2
변화하고,2
별건,2
병아리콩바삭한,2
병아리콩은,2
병원에,2
병입까지,2
보게,2
보겐,2
보관까지,2
보관하고,2
보관하니,2
보관하며,2
보기,2
보기를,2
보기만,2
보기와는,2
보내드리고,2
보내드릴게요,2
보내셨나요,2
보내시고,2
보냈더니스토리에,2
보는,2
보니타하우스,2
보드,2
보디빌딩,2
보며,2
보스턴샐러드하우스,2
보아요,2
보았는데요,2
보았어요,2
보여드릴,2
보여요감자,2
보울,2
보인다,2
보존료,2
보지도,2
보초,2
보통은,2
보트,2
복남이샌드,2
복덩이,2
복숭아가,2
복숭아는,2
복숭아와,2
볶아낸,2
볶아주셔도,2
본격,2
본업은,2
본질적인,2
볼은,2
봐주세요,2
봤어요,2
부기,2
부담스럽지않은,2
부드러움,2
부라타까지,2
부리또,2
부모님선물,2
부산광역시,2
부산맛집,2
부산샐러드,2
부산진구,2
부세미,2
부스터,2
부어,2
부엌에서는,2
부자가,2
부족한거,2
부족했던,2
부지런,2
부쩍,2
부침가루,2
북부와,2
북유럽,2
분들께,2
분들꼭,2
분들도,2
분들이라면,2
분량대로,2
분명히,2
분에,2
분요리,2
분이,2
분절이고물기,2
분짜,2
분짜를,2
분후,2
불고기가,2
불고기는,2
불고기로,2
불금,2
브랜드로,2
브랜드와는,2
브랜드의,2
브랜딩,2
브런치로,2
브런치메뉴,2
브런치메뉴도,2
브런치숍,2
브런치인,2
브레드,2
브리치즈도,2
블루베리,2
블림프,2
비건빵,2
비내리는,2
비록,2
비밀,2
비비드키친,2
비빔밥,2
비빔볼,2
비스큐,2
비스큐소스를,2
비스트로에이에서,2
비슷한지는,2
비어,2
비염,2
비오는날,2
비율두부,2
비주얼,2
비주얼은,2
비쥬얼,2
비트는,2
비트후무스,2
비트후무스샐러드,2
비하여,2
빅토리사님,2
빛나길,2
빛이,2
빠르고,2
빠져,2
빠지지,2
빠질,2
빡빡하고,2
빨래,2
빨리,2
빵과,2
빵도,2
빵반갈해서,2
빵에,2
빼고,2
빼는,2
빼면,2
빼앗겨,2
빼지,2
뽀독한,2
뽀인트,2
뽈뽀샐러드,2
뽑은,2
뿌듯하고,2
뿌려도,2
뿌려드립니다,2
뿌려주기,2
뿌려줬습니다,2
뿌리지말고조금씩,2
뿌린다,2
뿌림주의,2
사과예요,2
사는,2
사람들,2
사람들도,2
사람들이,2
사람이,2
사랑,2
사랑받는,2
사랑받으며잘,2
사먹는,2
사부작,2
사부작사부작,2
사알짝,2
사왔는데,2
사용가능,2
사용중이에요,2
사용하기딱,2
사용하세요,2
사용하지말고올인원으로,2
사워도우에,2
사이드로,2
사장님과의,2
사장님도,2
사장님들,2
사장님들과,2
사장님들께서,2
사정을,2
사진만,2
사진에,2
사진찍느라,2
사진찍다보니,2
사항,2
사항은,2
산도가,2
산미와,2
산책길,2
살들과,2
살려서,2
살림이든,2
살빠져요,2
살빠지는식단,2
살살,2
살아있는,2
삶아진,2
삶은계란,2
삶은계란소스는,2
삼일,2
삼일에,2
상담,2
상승,2
상콤한,2
상큼함이균형을,2
상태에,2
상품화,2
상호,2
새벽내내,2
새송이버섯,2
새우구이,2
새우도,2
새우된장찌개,2
새우살,2
새우시즈닝,2
새우와,2
새우젓,2
새콤,2
색감에,2
색감을,2
색감이,2
색상샤머에,2
색은,2
샌도,2
샌드,2
샌드세트,2
샌드위치그램,2
샌드위치단체주문,2
샌드위치도시락세트,2
샌드위치부터,2
샌드위치소스,2
샌디치다,2
샐그룸,2
샐그룸을,2
샐그룸입니다,2
샐러드그린그린,2
샐러드까지,2
샐러드나,2
샐러드너무,2
샐러드다,2
샐러드다이어트,2
샐러드드레싱,2
샐러드등,2
샐러드배달,2
샐러드블루베리랑,2
샐러드새콤,2
샐러드소스,2
샐러드소스로,2
샐러드에요,2
샐러드오랜만에,2
샐러드이기도,2
샐러드입니닼ㅋㅋㅋ근데,2
샐러드정기구독,2
샐러디가,2
샐러디방학역점,2
샐러디치,2
샐러디하우스,2
샐러링,2
샐미닛,2
생각났어요,2
생각뿐,2
생각을,2
생각하게,2
생각하다가,2
생각하면,2
생각해본,2
생각했던,2
생각했습니다,2
생겨,2
생겨서,2
생과일케익,2
생기를,2
생면파스타,2
생바질잎,2
생선,2
생식,2
생식빵,2
생야채보다는,2
생으로,2
생활체육지도자,2
생활하느라,2
생활화,2
샤머,2
샤머샐러드,2
샤이니,2
샤인,2
샤인머스켓의,2
서리태,2
서브웨이다이어트,2
서울대입구역,2
서이현,2
서하준님,2
석류,2
석식,2
섞어서,2
섞어주고,2
섞은,2
섞인,2
선물까지,2
선물박스,2
선물받기도,2
선보입니다,2
선사하고,2
선선해지는게,2
선선해지면서,2
선택불가인데,2
선택지라,2
선팔하면맞팔,2
선호하기에,2
설거지거리가,2
섭취,2
섭취의,2
섰는데,2
성격을가지게,2
성격이,2
성공,2
성공하길,2
성수동맛집,2
세계,2
세꼬집,2
세끼,2
세끼판다,2
세대가,2
세미원,2
세부,2
세트에요,2
소개,2
소고기뭇국,2
소금간하고,2
소금과,2
소금약간ㆍㆍ,2
소금은,2
소금집,2
소금후추만,2
소다와,2
소보가,2
소분드실때는,2
소세지야채볶음,2
소세지와,2
소스까지,2
소스남녀노소,2
소스딥한,2
소스매콤한,2
소스사과에,2
소스한국의,2
소식이,2
소화되면,2
속재료,2
손쉽게,2
솔드아웃입니다,2
솜땀,2
송도,2
송도반찬,2
송도반찬맛집,2
송도반찬배달,2
송도타임스페이스,2
송탄,2
쇼핑백무료증정,2
수강을,2
수강하신,2
수능,2
수량이,2
수박과,2
수밖에,2
수분을,2
수업에,2
수업이,2
수염,2
수요고개,2
수요일프린샌드위치,2
수전증,2
수정,2
수제도시락,2
수제디저트,2
수제리코타치즈,2
수제버거의,2
수제요거트,2
수제청,2
수프가,2
수확되는상위,2
수확해,2
숙성했다고,2
순간만큼은,2
순대볶음,2
순두부찌개칼칼한,2
순서,2
순찌,2
숨죽인,2
숫자가,2
쉐프님이,2
쉬고,2
쉬기로,2
쉬는,2
쉬는게,2
쉬는날,2
쉬라즈,2
쉬운,2
쉬운레서피,2
쉬운레시피,2
쉬운채식,2
쉼이,2
쉽게,2
쉽고,2
슈레드,2
슈레드치즈,2
슈퍼푸드로,2
스노우,2
스리라차,2
스마트팜,2
스모크덕,2
스스로,2
스위트,2
스쳤네요,2
스크렘블에그,2
스크렘블에그비만,2
스타일로,2
스탑,2
스탬프,2
스테디셀러,2
스테이크샐러드,2
스테이크와,2
스튜,2
스튜가,2
스티커는,2
스파이시쉬림프타코샐러드,2
스페셜,2
스프레드에,2
스프볼,2
슬기픽,2
슬라이스하고,2
슬쩍,2
습관을,2
시간별로,2
시간을,2
시간이모자라,2
시금치피자,2
시끄러운,2
시나몬,2
시내,2
시대에도,2
시댁에,2
시댁에서,2
시댁에서도,2
시도하고,2
시도하며,2
시리즈,2
시마감,2
시스템,2
시시,2
시작입니다,2
시작하는,2
시작해서,2
시저,2
시저드레싱,2
시즈널샐러드,2
시즈닝샐러드가,2
시즌에,2
시처럼,2
시첫,2
시켜,2
시퍼요,2
시험을,2
식감까지,2
식감의,2
식구,2
식단과,2
식단관리를,2
식단도,2
식단도시락,2
식단에,2
식단으로도,2
식단표,2
식단하느라,2
식단하는거,2
식당,2
식사에요,2
식사와,2
식사일기,2
식으로도,2
식재료,2
식재료로,2
식탁도,2
식탁이,2
식품들,2
식품으로식이섬유가,2
식혔다가,2
신경,2
신경써서,2
신기하게도,2
신대륙을,2
신랑도,2
신맛에,2
신상리뷰,2
신상품,2
신선하게,2
신선함과,2
신선함을,2
신세계푸드,2
신청받고,2
신청서를,2
신촌,2
신품종으로,2
신혼밥상,2
신혼부부,2
신혼여행으로,2
실리포터,2
실속,2
실습,2
실습으로,2
실전,2
심상치,2
심한데갑자기,2
싱그러운,2
싱싱하고,2
싱싱한,2
싶다고,2
싶은거에요공복,2
싶은대로,2
싶지만,2
싸기,2
싸먹는,2
싸봤는데,2
싸서,2
쌈장을,2
쌈장의,2
쌍계명차,2
써는게,2
써브웨이꿀조합,2
써브웨이샐러드,2
써브웨이에서,2
써스웨이타코샐러드,2
써주실까요,2
썰기,2
썰어낸,2
썰어이것저것,2
쏘는,2
쑤니맘,2
쓰는데더,2
쓰러지시지,2
씁니다,2
씨앗을,2
씨푸드,2
씹는,2
씻어,2
아가,2
아가들,2
아가랑,2
아기용,2
아기자기,2
아까,2
아까워,2
아니,2
아니겠습니까,2
아니고,2
아닌가,2
아담하지만,2
아라비카원두,2
아르헨티나,2
아마도,2
아몬드에,2
아무거나,2
아무것도,2
아보카도가,2
아보카도를,2
아보카도올리브유샌드워치,2
아보카도와기막히게,2
아부지,2
아삭아삭한,2
아삭함,2
아산,2
아세요,2
아쉬우셨을,2
아쉬워요,2
아오리,2
아이들,2
아이들을,2
아이디어를,2
아점으로,2
아침마다,2
아침밥,2
아침저녁으로,2
아픈게,2
안가요,2
안나거든요,2
안나오는,2
안내수수료,2
안될,2
안먹는,2
안빼먹고,2
안뿌린거,2
안성,2
안양,2
안하시면,2
안했으면,2
않던,2
않습니다,2
않아,2
않으면,2
않을까,2
않지만,2
알감자,2
알게되,2
알게된,2
알고리즘으로,2
알달루시아,2
알려주기,2
알려주신,2
알로버,2
알로하,2
알룰로스깨소금,2
알룰로스를,2
알배추,2
알배추는,2
알배추만,2
알배추전,2
알배추전지난주에,2
알수가,2
알싸한,2
알칼리성,2
압박과,2
앞다리살,2
앞두고,2
앞으로가,2
앞으로의,2
애를,2
애용하고,2
애정하는,2
애플민트,2
애플잼,2
야마,2
야마가,2
야채가,2
야채는뺄,2
야채들이,2
야채믹스,2
야채찜,2
야채탈수기였는데,2
야쿠르트,2
약하고,2
약한,2
양껏,2
양념깻잎,2
양념하고,2
양배추와,2
양식맛집,2
양으로,2
양재천,2
양재천에서,2
양주,2
양파는,2
양파짱아찌,2
얘두,2
어글리어스,2
어니언크래미샌드위치,2
어디든,2
어디서,2
어때요,2
어려운데,2
어린이들,2
어묵국,2
어묵탕,2
어우러지는,2
어우러진,2
어우러질까,2
어울리거든요,2
어울리는데한,2
어제의,2
어쩌죠,2
어찌,2
억제에도,2
언니의,2
언스플래쉬,2
언젠가는,2
얹어봅니다아기용,2
얹어서,2
얻은,2
얼갈이나물,2
얼갈이는,2
얼룩,2
얼리면,2
얼마,2
얼마전,2
얼음,2
얼음물에,2
얼큰,2
엄마는,2
엄마반찬,2
엄마표도시락,2
엄천,2
업종,2
없네요,2
없는걸로,2
없는것,2
없어,2
없어도,2
없으니,2
없을,2
없을까,2
없지만사워도우가,2
엊그제,2
에게아,2
에그베이컨팬케이크,2
에그햄,2
에그햄샌드위치,2
에너지를,2
에라모르겠다,2
에버랜드,2
에어컨청소,2
에어프라이어에,2
엔틱한,2
엪굽,2
여기가,2
여기는,2
여기서,2
여기저기,2
여년,2
여느,2
여름엔,2
여유가,2
여유로운,2
연근샐러드,2
연근에,2
연근을,2
연근이,2
연락을,2
연상시키는,2
연출해주고,2
연패,2
연하지만단맛이,2
연해서,2
연휴간,2
연휴네요ㅋㅋㅋ,2
연휴동안,2
연휴라니,2
열나는게,2
열매의신선함과,2
열무김치,2
염도,2
염증수치도,2
였구요,2
였는데,2
영ㅋㅋㅋ그래도,2
영양도,2
영양소,2
영양소인,2
영양식단,2
옆에,2
예방,2
예방접종,2
예쁘더라구요,2
예상과,2
예상대로,2
예약문의,2
예약시,2
예약주심,2
예약하고,2
예약해,2
예약해주시면,2
예정,2
예정되어,2
예정이구요,2
예정이라,2
예촌,2
옛날,2
옛날적,2
오간다는,2
오겠슨,2
오고,2
오나의집밥,2
오늘은쫀득한,2
오늘이에요,2
오늘저녁,2
오더,2
오려나요,2
오른,2
오리의,2
오리탕,2
오믈렛,2
오붓하게,2
오세요,2
오신,2
오예,2
오이고추,2
오이고추무침,2
오이는,2
오이레시피,2
오이리본,2
오이스러운,2
오이스럽기도,2
오이에,2
오이향,2
오일과,2
오일로,2
오일만뿌려도,2
오일은,2
오전에,2
오픈을,2
오픈하실,2
오픈하자마자,2
오픈했어요,2
오피셜,2
오피스,2
오히려,2
옥소반,2
옥수수면,2
온누리,2
온누리상품권,2
온다,2
올라간게,2
올라오고,2
올려주고,2
올려주기,2
올려주면,2
올려줬는데,2
올려진,2
올렸더니너무,2
올렸습니다,2
올리면,2
올리브는,2
올리브오일과,2
올리브오일로,2
올리브오일로라부부,2
올리브오일에,2
올리브유도,2
올리브유와,2
올리브유이지만,2
올리브유인데,2
올리아로라,2
올리아로라오일처럼,2
올리언즈,2
올린,2
올릴게요,2
올만에,2
옷방정리,2
와사비크래미,2
와인모임,2
와인무화과크림치즈,2
와인안주로,2
와인이랑,2
와일드,2
와일드루꼴라,2
와주셨어요,2
와중에,2
완성도,2
완성되는,2
완성된,2
완성하셨죠,2
완성하실,2
왈가닥,2
왈가닥쑝여사,2
왔어요,2
왜냐면,2
외출을,2
외출이라,2
왼전,2
요거,2
요거요거,2
요거트볼,2
요기요와,2
요놈,2
요런거,2
요롷게,2
요리그램,2
요리들은,2
요리들의,2
요맘떼만,2
요일샐러드,2
요즘들어,2
요즘처럼,2
용기에,2
용량,2
용산구,2
우리몸에,2
우선,2
우선으로,2
우엉,2
우엉조림,2
우연히,2
우프,2
운동기록,2
운동맞팔,2
운동하는,2
운동하는남자,2
운동하세요,2
운동하시는분들이,2
운스타그램,2
운양동반찬,2
운양동반찬배달,2
운영중이신,2
운영하고,2
운정,2
운정크로스핏,2
울컥울컥,2
웃음밖에,2
원더스강남,2
원더스점에서만,2
원으로,2
원재료와,2
원주새벽배송,2
원주샐러드,2
원주샐러드도시락,2
원주샐러드맛집,2
원주샐러드새벽배송,2
원주샐러드정기배송,2
원픽샌드위치샐러드,2
원하는,2
원활,2
원활하게,2
월간,2
월요일다시,2
월요일프린샌드위치,2
월을,2
월의,2
웜샐러드,2
웨이트,2
웰빙,2
웻지로,2
위로가,2
위로를,2
위생적인,2
위치한,2
위함이,2
위험이,2
유난히,2
유명,2
유명해서많은,2
유산소,2
유지어터식단,2
유키지루시,2
유튜브에,2
육각형,2
육수,2
육아,2
육아맘,2
윤달,2
율무를,2
음식으로,2
음식이,2
음식이라면,2
음식이에요,2
음식입니다,2
응용이라는,2
응용할,2
응원하겠습니다,2
응원할게요,2
이거슨,2
이건,2
이걸,2
이것저것,2
이곳을,2
이동,2
이득,2
이라고,2
이라는,2
이라서,2
이랑,2
이런향은,2
이런향의,2
이론이,2
이루시길,2
이른시간,2
이를테면,2
이름에,2
이리도,2
이미,2
이미지,2
이번부엔,2
이번엔,2
이번의,2
이번주,2
이베리코,2
이벤트가,2
이불교체,2
이쁘고,2
이야기,2
이야기가,2
이야기가전해져,2
이어가셔요,2
이어질,2
이에요,2
이용부탁드립니다,2
이용안내,2
이용안내는,2
이용하며,2
이전,2
이틀,2
이틀이나,2
이해를,2
이후,2
익숙하지만,2
익어가며작은,2
익혀냈다,2
익히는,2
인가구,2
인공카페인도,2
인분,2
인사,2
인스타는,2
인연도,2
인연을맺게,2
인원,2
인정,2
인정한,2
인증,2
인천대학교,2
인천맛집,2
인천서구,2
인친,2
인친님,2
인터내셔널,2
인해,2
인해서,2
일교차도,2
일기처럼,2
일만에,2
일본,2
일본에서,2
일부,2
일산크로스핏,2
일상으로,2
일상의기록,2
일상이,2
일시,2
일점심,2
일정에,2
일정을,2
일정이,2
일차,2
읽고,2
입맛이,2
입방정,2
입성,2
입에서,2
입이,2
입터질까봐,2
있기에,2
있네요,2
있는건,2
있는듯,2
있다는,2
있다면,2
있다면댓글로,2
있어개인적으로,2
있어도,2
있어보임,2
있어서다이어트,2
있어요냉장고에는,2
있어요저는,2
있어용,2
있어참외,2
있으셔도,2
있을까,2
자격사항,2
자극이,2
자기관리,2
자기야,2
자두가,2
자라고,2
자리합니다,2
자몽화이트발사믹,2
자부심이,2
자신들만의,2
자신들의,2
자연식,2
자작할,2
자전거,2
자전거도,2
자체가,2
작성해,2
잘놀았으니월요일,2
잘된다고,2
잘라서샐러드,2
잘먹고,2
잘먹었어요감사합니다,2
잘어울려요,2
잘익은,2
잘해내서,2
잠깐,2
잠봉뵈르,2
잠봉샐러드,2
잠실까지,2
잡고,2
잡곡,2
잡아줘서,2
잡은,2
장거리,2
장기동반찬,2
장기동반찬배달,2
장난아니에요,2
장비,2
장산역점,2
장조림,2
재래시장으로,2
재료가,2
재료들은,2
재료알배추,2
재배되는,2
재배로,2
재채기를,2
재해석,2
저녁까지는,2
저녁도시락,2
저녁이,2
저당마요네즈,2
저당마요네즈오이효능,2
저당초코잼,2
저당페스토,2
저덕이네,2
저메추,2
저번에,2
저속노화식단,2
저속노화와,2
저의,2
저장먼저하자,2
저혈당,2
저희집것,2
적극,2
적당하고,2
적어,2
적어도,2
적응하겠지요,2
적합한,2
적혀있었다,2
전국,2
전달된코지리틀의,2
전문,2
전문으로,2
전문점,2
전부,2
전수,2
전시도,2
전에,2
전에는,2
전엔,2
전자레인지,2
전주도시락맛집,2
전주샐러드,2
전주샐러드추천,2
전주직장인,2
전통의,2
전통적인,2
전품목,2
전해주는,2
전해주신,2
전화배달도,2
전화포장,2
절기에,2
절식해주겠습니다,2
절임류는,2
점심도,2
점심메뉴추천,2
점심밥상,2
점심추천,2
점점,2
접목을,2
접목해수확,2
정갈한찬인천서구점,2
정겨운,2
정규반과,2
정규반은,2
정기휴무입니다,2
정도는,2
정도로,2
정도의,2
정리,2
정말정말,2
정신,2
정신없이,2
정원에,2
정직한,2
정착합니다,2
정착했어요,2
정통,2
제거한다,2
제거해주세요,2
제로슈거인데,2
제외하였습니다,2
제육볶음,2
제조,2
제철요리,2
제철재료,2
제품들이에요,2
제품을,2
제품입니다,2
제품제공옛날,2
제한,2
조각씩,2
조각으로,2
조금더,2
조기,2
조리사,2
조식,2
조심하세요,2
조심하셔요,2
조심하시고,2
조언에,2
조우곱도리탕,2
조정,2
조합도,2
조합으로샌드위치,2
조합하고,2
조합한국의,2
조화가,2
조화로운,2
조화로운독특한,2
좀더,2
종류의,2
종목이,2
종종,2
좋겠어요,2
좋네,2
좋다,2
좋다고,2
좋습니다,2
좋아요둥친님들,2
좋아하는데,2
좋아해서,2
좋았고,2
좋았다고,2
좋으시면,2
좋은걸까,2
좋은나의,2
좋은데,2
좋을것,2
좋을때라,2
좋지만,2
주고가신,2
주고받으며,2
주구장창,2
주근깨가,2
주기적으로,2
주로,2
주로이용함,2
주륵,2
주말엔,2
주말은,2
주말의,2
주며동맥경화,2
주문이요,2
주문한,2
주문할래,2
주문해,2
주셨답니다,2
주셨던이태리푸드마켓에,2
주셨어요,2
주소,2
주스도,2
주시는,2
주시듯,2
주시면,2
주식단,2
주실때면,2
주었답니다야마가,2
주인공으로,2
주재료,2
주차권,2
주키니,2
준다는,2
준비도,2
준비되어있습니다,2
준비하는데,2
준비해요,2
준비했고샐러드,2
준비했답니다,2
줄고,2
줄양,2
줄어들고,2
줄여주는,2
줄여주세요,2
줄이고대신,2
줄줄,2
줄쪽파그라나파다노,2
중독적인,2
중동식,2
중심부에,2
중에도,2
중요한,2
중요한가요,2
중요한데요요즘,2
중요한일은,2
중요합니다,2
중인,2
중점을,2
줘서,2
쥬키니,2
즉시,2
즐겁고,2
즐겨먹고,2
즐겼잖아요흐린,2
즐기려고,2
즐기면,2
즐기셨죠,2
즐기지,2
지구맛집,2
지구샌드위치,2
지금도,2
지금은,2
지나가길,2
지나가는,2
지나고,2
지난주,2
지난주는,2
지방에서,2
지방의,2
지사동,2
지어봤는데,2
지역에,2
지원,2
지중해맛,2
지중해식,2
지중해의,2
지지직,2
지킬,2
직장인게,2
직접고른,2
진간장,2
진공포장으로,2
진정,2
진짜다,2
진행되었습니다,2
질려서사워도우에,2
질리지,2
질릴,2
짐키친분당점,2
집밥기록,2
집밥레시피,2
집밥루틴을,2
집밥으로,2
집밥은,2
집밥이든,2
집밥일기,2
집순이지만,2
집스타그램,2
집안일,2
집앞까지,2
집에가서,2
집으로,2
집은,2
집중합니다,2
짧게라도,2
짭잘함으로,2
짭조름함과,2
짭짤한,2
짱맛,2
쪄버립니다,2
쪼금,2
쪽에,2
쪽파,2
쫄깃한,2
쭈욱,2
찍먹,2
찍은,2
찍지,2
차곡차곡,2
차근차근,2
차까지,2
차돌된장찌개,2
차돌박이와,2
차려본,2
차로,2
차별화를,2
차지키,2
착즙,2
착즙사과주스,2
찬물,2
찬물에,2
찬우물농장,2
찰도너츠,2
찰떡이에요,2
찰옥수수,2
찰진,2
참가비,2
참가신청,2
참고하세요,2
참기름만,2
참나물,2
참여대상,2
참여인원,2
참외들,2
참외들을,2
참외를사용했어요,2
참외샐러드랑,2
참외스러운,2
참쥬,2
찹쌀밥,2
찻잔,2
창고형,2
찾게,2
찾는,2
찾아온,2
찾아주세요,2
찾아주시고,2
찾아주시면,2
채끝살,2
채반으로도,2
채소들,2
채소들은,2
채소와닭가슴살,2
채식,2
채썰기,2
채썰어,2
채썰어서,2
채울,2
채워,2
채팅방,2
채팅방에,2
채팅방카카오톡,2
챌린지,2
챙겨드세요,2
챙겨먹을,2
챙겨보세요,2
챙겨야,2
챙기고,2
챙기세요,2
챱챱,2
처돌이인데이번,2
처음엔,2
처음으로,2
처음이라,2
천국,2
천군만마를,2
천도복숭아,2
천도와,2
천안,2
천추,2
첫끼,2
첫끼화창한,2
첫맛은,2
첫번째로,2
청라,2
청량한느낌이라,2
청무화과,2
청상추,2
청소하고,2
청양,2
청주맛집,2
청참외,2
청포묵,2
체내,2
체력증진,2
체에걸러,2
체중감량,2
체중관리,2
체중조절,2
초대요리로도,2
초록,2
초록빛에서,2
초밥,2
초점을,2
초퍼에,2
촉촉,2
최고야,2
최근,2
최대로,2
최민호,2
최선을,2
최선의,2
쵸쵸씨테이블,2
추가비용,2
추가하면,2
추가한,2
추가해도,2
추석도,2
추석선물,2
추석에,2
추석연휴,2
추석연휴와,2
추성훈,2
추워도,2
추워져서,2
추천드리는,2
추천하는,2
추천해,2
추출해,2
축하해,2
출시됐는데,2
출시됐어요,2
출신,2
출출하다고,2
춥지도,2
충분히,2
충전에,2
충주,2
충주시,2
취향,2
취향을,2
치아바타에프릴아이스,2
치운다어떤게,2
치즈가,2
치즈가득가득,2
치즈보드,2
치즈소스를,2
치즈파프리카가루,2
치킨너겟,2
치킨샐러드,2
치팅을,2
치팅이,2
치팅전,2
치팅하게,2
친구가,2
친구는,2
친구는다몰페타,2
친구들과,2
친구랑,2
친구를,2
친구이다보니,2
친정과,2
친정에서도,2
친환경,2
칠리콘카르네,2
칠링한,2
칩니다,2
카레닭생각보다,2
카레라이스,2
카레소스궁금한,2
카레소스라,2
카레소스로,2
카카오채널,2
카카오톡채널,2
카페도,2
카페운영중이신,2
카페이너그,2
카페이너그입니다,2
카페추천,2
카프레제,2
칼로리를,2
칼륨,2
칼칼한,2
캐나다,2
캐나다에서도,2
캔음료,2
캔커피,2
커리,2
커리큘럼,2
커서,2
커트러리,2
커피담다,2
케이준,2
케이준치킨샐러드,2
케이터링,2
코끼리,2
코치,2
코파,2
콜드,2
콜라,2
콜라는,2
콜레스테롤,2
콜콜,2
콧물이,2
콩나물,2
콩나물밥,2
콩담백면,2
콩물에,2
콩페스토,2
쿠스쿠스,2
쿠스쿠스를,2
쿡스타그램,2
퀄리티,2
퀴즈,2
퀵서비스,2
크거라,2
크고,2
크기,2
크기도,2
크렌베리잼,2
크로와상,2
크루,2
크리미하게,2
크리미함을,2
크리스피프레시,2
크림연어,2
크림치즈를,2
큰일날뻔요,2
클래스로,2
클리어,2
클린식단,2
키로,2
키오스크,2
키친타올,2
키친타올로,2
키트,2
키트로,2
킥인,2
타르,2
타바타,2
타입,2
탄생한,2
탄수로,2
탄수를,2
탄탄한,2
탈수기,2
탈수기손,2
탔는데아직,2
탕탕이,2
태워버린,2
택배,2
탱글한,2
털어줘요,2
테라스카페,2
테마파크,2
테이블부터,2
테이블스타일링,2
테이스트,2
테트드무안에,2
텍스처의,2
토끼,2
토마토가,2
토요일,2
토핑궁금해서,2
토핑까지,2
토핑도,2
톡톡하기,2
통깨,2
통밀,2
통밀또띠아인듯,2
통밀식빵샌드위치,2
툭툭,2
튀겨낸,2
튀기듯,2
트러플잠봉소금빵샌드위치,2
트리플,2
트리플레드소스와,2
트리플레드핫치킨버거,2
트리플레드핫치킨버거소싯의,2
특가로,2
특별가,2
특별구성,2
특별히,2
특정,2
특징이던,2
파김치,2
파니니가,2
파래무침,2
파로는,2
파스타는,2
파슬리도,2
파주,2
파주크로스핏,2
파프리카가,2
팍팍,2
판다는걸,2
판매되길,2
판매를,2
팔로우하기,2
팔로우하세요,2
팔아도,2
패스트,2
패키징여러분만의,2
패티는,2
패티입니다,2
팬카페에서,2
팬케이크에,2
팬케이크와,2
퍼져밸런스가,2
퍽퍽할,2
페이퍼가,2
페이퍼로,2
페이퍼에,2
페타치즈드레싱은,2
페투치니,2
편리해요,2
편썰기,2
편안하게,2
편안함을,2
편이라면,2
편한세상,2
편히,2
평대,2
평범한,2
평소보다,2
평일에,2
평택,2
포기,2
포도의,2
포만감ㅎㅎ회사,2
포만감이,2
포션치즈,2
포인트예요,2
포장도,2
포장지를,2
포장해왔어요,2
포케를,2
포케볼은,2
포케올데이,2
포케커피,2
포케항상,2
포항,2
포항맛집,2
폭립,2
폭발,2
폭발인,2
폭식,2
폭주,2
폴드포크,2
폴라니,2
퐁신,2
푸드,2
푸드스타일리스트,2
푸드플레이팅,2
푸석푸석,2
푸짐해서,2
풀무원,2
풀어내다,2
풀향기가,2
풀향기에,2
풀향이,2
품절,2
품절핫치킨,2
품종으로,2
품종의,2
품질관리를하며,2
풋고추,2
풋풋한,2
풍겨와,2
풍미에수확한,2
풍부해,2
풍부해져요이탈리아,2
풍성하고,2
프라하화이트,2
프란토이아에는올리브에,2
프랜차이즈,2
프레쉬함을,2
프레시,2
프렌차이즈의,2
프렌치,2
프린과,2
프린샌드위치,2
프린샌드위치와,2
프린하세요,2
플라워,2
플래티넘,2
플레이팅도,2
플렉시테리언,2
피곤해,2
피구알,2
피넛,2
피드,2
피드마실,2
피로를,2
피부톤,2
피시소스,2
피자맛집,2
피타브레드랑,2
피타브레드에,2
피타브레드피타브레드,2
피트니스,2
픽업,2
픽업만,2
픽한,2
필라테스,2
필요,2
필요하고,2
필요할,2
핑크솔트,2
핑크페퍼로,2
하기,2
하나까지도,2
하나로,2
하남,2
하는지,2
하늘보며,2
하니까,2
하단클릭,2
하던,2
하루의,2
하루하루,2
하면서,2
하몽의,2
하몽처럼,2
하시고,2
하시면서,2
하시면정말,2
하와이의,2
하이프로틴,2
하지않아요,2
하프,2
학교,2
학생들이,2
한강공원에서,2
한강서,2
한개만,2
한결,2
한꼬집,2
한끼로,2
한남동,2
한남점,2
한달째,2
한덩이,2
한덩이면달콤,2
한번씩,2
한숨에,2
한스푼씩,2
한입이면,2
한잔,2
한참,2
한층,2
한컵,2
한통,2
할라피뇨,2
할머니,2
할수있어요,2
할아부지들의,2
할인중,2
할인쿠폰,2
함께하세요,2
함께해요,2
함량이,2
함박,2
항산화에,2
항염,2
해내셨어요,2
해내실,2
해달라고,2
해동후,2
해드세요,2
해먹기,2
해먹었는데,2
해먹을,2
해물파스타,2
해서골라,2
해서아이가,2
해석한,2
해야지,2
해요그래서인지,2
해요루틴이,2
해주고,2
해준,2
해줬는데,2
해피테이블,2
해피테이블은,2
핸드가드도,2
햄치즈샌드위치,2
햇밤,2
햇살닭,2
햇올리브를,2
했거든요시험,2
했구요,2
했는데그냥,2
했는데요,2
했는지,2
했답니다,2
했답니닼ㅋㅋㅋㅋㅋㅋ,2
했더니,2
했을,2
행복이,2
행복하게,2
행복하구,2
향라육슬,2
허그런치에서,2
허기진,2
허니머스터드,2
허니소스와,2
허브의,2
허브향과,2
허전한,2
헤리터,2
헹궈,2
현대적으로,2
현미,2
현미귀리밥,2
현실적인,2
현장,2
현직,2
현혹되지말아야지,2
혈관,2
혈당관리,2
혈당관리를,2
혈당스파이크를,2
호드레싱,2
호락밥상,2
호리아티키,2
호복숭아구이부라타치즈샐러드,2
호복숭아샐러드,2
호새우아보카도샐러드,2
호잠봉샐러드,2
호점,2
호제가,2
호치킨샐러드,2
홀과,2
홀라당,2
홀려서,2
홀리듯이,2
홈스타그램,2
홈조식,2
홈카페메뉴,2
홈페이지에서,2
홍감자,2
홍감자가,2
홍대맛집,2
홍로,2
홍로는,2
홍보대사,2
홍새우는,2
홍석천님이,2
홍차로,2
화덕피자맛집,2
화샐이가,2
화이트발사믹으로,2
화이트소스,2
화이트와인,2
화이트와인이랑,2
화정동,2
화제,2
확실히,2
확인,2
확인하세요,2
환경에서,2
환영합니다,2
활동을,2
활용과,2
활용성과,2
활용할,2
활용해보면,2
활용해서,2
황금사과얇은,2
회복,2
회전국체육대회,2
효과적이에요,2
효능,2
효율을,2
후다닥,2
후라이,2
후랑크,2
후무스를,2
후반엔,2
후숙된,2
후식으로,2
후에르타로스까뇨스유기농엑스트라버진올리브오일,2
후추갈갈하고,2
후추넣은,2
후추블루베리,2
훈련합니다,2
훈제오리구이,2
훌륭한,2
휘낭시에,2
휴일,2
흐린,2
흑미밥,2
흘리면,2
흥생농장,2
흰쌀밥,2
히히,2
히히이번에도,2
힘드시다는,2
힘든,2
힘든데,2
힘들다,2
힘들다는,2
힘들다는건,2
힘으로,2
힘은,2
힘이,2
