상품명,가격(최종),정가,배송비,별점,리뷰수,1정당가격
무료배송 ∙ 오늘출발,194250,345000,0,5,27738,1295
무료배송 ∙ 무료반품 ∙ 새벽도착,12880,0,0,5,153665,72
무료배송 ∙ 무료반품 ∙ 새벽도착,15400,30000,0,5,4024,171
무료배송 ∙ 오늘출발,66320,70000,0,5,4326,1105
무료배송 ∙ 오늘출발,21940,40000,0,5,54942,366
무료배송 ∙ 오늘출발,96650,126000,0,5,255,537
무료배송 ∙ 오늘출발,59940,120000,0,5,54942,333
무료배송 ∙ 무료반품 ∙ 오늘도착,19500,41800,0,5,53296,163
무료배송 ∙ 무료반품 ∙ 새벽도착,10470,20900,0,5,105061,175
무료배송 ∙ 무료반품 ∙ 오늘도착,17900,0,0,5,203025,99
무료배송 ∙ 무료반품 ∙ 오늘도착,7890,0,0,5,8089,132
무료배송 ∙ 오늘출발,194250,345000,0,5,27738,1295
무료배송 ∙ 무료반품 ∙ 오늘도착,12680,0,0,4.5,19464,70
무료배송 ∙ 오늘출발,120210,207000,0,5,27738,1336
무료배송 ∙ 무료반품 ∙ 오늘도착,6390,20000,0,5,670,71
무료배송 ∙ 오늘출발,96650,126000,0,5,255,537
무료배송 ∙ 무료반품 ∙ 오늘도착,14900,0,0,5,84,497
무료배송 ∙ 무료반품 ∙ 오늘도착,11900,16500,0,5,30296,132
무료배송 ∙ 오늘출발,279850,495000,0,5,34178,933
무료배송 ∙ 무료반품 ∙ 새벽도착,5000,0,0,5,85,83
무료배송 ∙ 무료반품 ∙ 오늘도착,14520,0,0,5,7915,484
무료배송 ∙ 무료반품 ∙ 오늘도착,9860,0,0,4.5,18332,164
무료배송 ∙ 무료반품 ∙ 오늘도착,10900,16500,0,5,60292,121
무료배송 ∙ 오늘출발,194250,345000,0,5,27738,1295
무료배송 ∙ 오늘출발,279850,495000,0,5,34178,933
무료배송 ∙ 무료반품,10900,21500,0,4.5,3875,121
무료배송 ∙ 무료반품 ∙ 새벽도착,14900,33660,0,5,3745,248
무료배송 ∙ 오늘출발,96650,126000,0,5,255,537
무료배송 ∙ 무료반품 ∙ 오늘도착,9800,0,0,5,125,327
무료배송 ∙ 무료반품 ∙ 오늘도착,3690,0,0,4.5,3082,9800
