token1,token2,co_docs,PMI,NPMI,PHI
instafoodobentagram,foodfoodphotography,14,4.260665772719737,0.9999999988548689,0.9999999999999999
lunchfoodstagram,foodfoodphotography,14,4.260665772719737,0.9999999988548689,0.9999999999999999
instafoodobentagram,lunchfoodstagram,14,4.260665772719737,0.9999999988548689,0.9999999999999999
도먹걸,집밥그램,12,4.414816450745762,0.9999999984895308,0.9999999999999999
domukgirl,클릭도시락,11,4.5018278264439235,0.9999999982335182,0.9999999999999998
peanuts,snoopy,8,4.820281550353037,0.9999999968615942,0.9999999999999999
큐브닭가슴살요리,닭가슴살요리,7,4.953812938288335,0.9999999960031776,0.9999999999999999
닭가슴살요리,동물복지닭가슴살,7,4.953812938288335,0.9999999960031776,0.9999999999999999
큐브닭가슴살요리,동물복지닭가슴살,7,4.953812938288335,0.9999999960031776,0.9999999999999999
instagood,mamagirl,7,4.953812938288335,0.9999999960031776,0.9999999999999999
cookstagram,밑반찬레시피,6,5.10796361088704,0.9999999947132662,0.9999999999999999
IFF,큐브닭가슴살,6,5.10796361088704,0.9999999947132662,0.9999999999999999
cookstagram,일주일반찬,6,5.10796361088704,0.9999999947132662,0.9999999999999999
요리영상,일주일반찬,6,5.10796361088704,0.9999999947132662,0.9999999999999999
요리영상,레시피밑반찬,6,5.10796361088704,0.9999999947132662,0.9999999999999999
cookstagram,레시피밑반찬,6,5.10796361088704,0.9999999947132662,0.9999999999999999
요리영상,밑반찬레시피,6,5.10796361088704,0.9999999947132662,0.9999999999999999
밑반찬레시피,레시피밑반찬,6,5.10796361088704,0.9999999947132662,0.9999999999999999
레시피밑반찬,일주일반찬,6,5.10796361088704,0.9999999947132662,0.9999999999999999
cookstagram,요리영상,6,5.10796361088704,0.9999999947132662,0.9999999999999999
밑반찬레시피,일주일반찬,6,5.10796361088704,0.9999999947132662,0.9999999999999999
예쁜상차림kimchi,yummyfood,5,5.290285155686614,0.9999999926344691,0.9999999999999998
닭가슴살레시피,동물복지IFF큐브닭가슴살,5,5.290285155686614,0.9999999926344691,0.9999999999999998
닭가슴살레시피,하림닭가슴살,5,5.290285155686614,0.9999999926344691,0.9999999999999998
동물복지IFF큐브닭가슴살,하림닭가슴살,5,5.290285155686614,0.9999999926344691,0.9999999999999998
반찬스타그램,집밥그램,12,4.3347737435979,0.9818695262671944,0.9602786094927311
반찬스타그램,도먹걸,12,4.3347737435979,0.9818695262671944,0.9602786094927311
도먹걸,domukgirl,11,4.414816450132024,0.9806719875870232,0.9569389980596856
도먹걸,클릭도시락,11,4.414816450132024,0.9806719875870232,0.9569389980596856
집밥그램,domukgirl,11,4.414816450132024,0.9806719875870232,0.9569389980596856
집밥그램,클릭도시락,11,4.414816450132024,0.9806719875870232,0.9569389980596856
큐브닭가슴살요리,큐브닭가슴살,6,4.953812934964798,0.9698214956380703,0.9253504978657106
동물복지닭가슴살,IFF,6,4.953812934964798,0.9698214956380703,0.9253504978657106
닭가슴살요리,IFF,6,4.953812934964798,0.9698214956380703,0.9253504978657106
동물복지닭가슴살,큐브닭가슴살,6,4.953812934964798,0.9698214956380703,0.9253504978657106
큐브닭가슴살요리,IFF,6,4.953812934964798,0.9698214956380703,0.9253504978657106
닭가슴살요리,큐브닭가슴살,6,4.953812934964798,0.9698214956380703,0.9253504978657106
IFF,하림닭가슴살,5,5.107963605453085,0.9655365292246275,0.9124083647021138
IFF,닭가슴살레시피,5,5.107963605453085,0.9655365292246275,0.9124083647021138
밑반찬레시피,예쁜상차림kimchi,5,5.107963605453085,0.9655365292246275,0.9124083647021138
일주일반찬,yummyfood,5,5.107963605453085,0.9655365292246275,0.9124083647021138
닭요리,닭가슴살레시피,5,5.107963605453085,0.9655365292246275,0.9124083647021138
레시피밑반찬,yummyfood,5,5.107963605453085,0.9655365292246275,0.9124083647021138
일주일반찬,예쁜상차림kimchi,5,5.107963605453085,0.9655365292246275,0.9124083647021138
닭요리,동물복지IFF큐브닭가슴살,5,5.107963605453085,0.9655365292246275,0.9124083647021138
밑반찬레시피,yummyfood,5,5.107963605453085,0.9655365292246275,0.9124083647021138
레시피밑반찬,예쁜상차림kimchi,5,5.107963605453085,0.9655365292246275,0.9124083647021138
닭가슴살도시락,하림닭가슴살,5,5.107963605453085,0.9655365292246275,0.9124083647021138
닭가슴살도시락,동물복지IFF큐브닭가슴살,5,5.107963605453085,0.9655365292246275,0.9124083647021138
요리영상,yummyfood,5,5.107963605453085,0.9655365292246275,0.9124083647021138
닭가슴살도시락,닭가슴살레시피,5,5.107963605453085,0.9655365292246275,0.9124083647021138
요리영상,예쁜상차림kimchi,5,5.107963605453085,0.9655365292246275,0.9124083647021138
cookstagram,yummyfood,5,5.107963605453085,0.9655365292246275,0.9124083647021138
cookstagram,예쁜상차림kimchi,5,5.107963605453085,0.9655365292246275,0.9124083647021138
큐브닭가슴살,동물복지IFF큐브닭가슴살,5,5.107963605453085,0.9655365292246275,0.9124083647021138
IFF,동물복지IFF큐브닭가슴살,5,5.107963605453085,0.9655365292246275,0.9124083647021138
큐브닭가슴살,닭가슴살레시피,5,5.107963605453085,0.9655365292246275,0.9124083647021138
닭요리,하림닭가슴살,5,5.107963605453085,0.9655365292246275,0.9124083647021138
큐브닭가슴살,하림닭가슴살,5,5.107963605453085,0.9655365292246275,0.9124083647021138
반찬스타그램,domukgirl,11,4.334773743031952,0.9628919413381409,0.9189280504261225
재료는,domukgirl,11,4.334773743031952,0.9628919413381409,0.9189280504261225
재료는,클릭도시락,11,4.334773743031952,0.9628919413381409,0.9189280504261225
반찬스타그램,클릭도시락,11,4.334773743031952,0.9628919413381409,0.9189280504261225
밍키식단,식사기록,12,4.191672900798308,0.9494557568206141,0.893057120462159
식단기록,식단공유,11,4.26066577136977,0.9464301897145098,0.8850488629073019
동물복지,IFF,6,4.8202815452690375,0.9436796905740701,0.8651466360251062
recipe,요리영상,6,4.8202815452690375,0.9436796905740701,0.8651466360251062
recipe,cookstagram,6,4.8202815452690375,0.9436796905740701,0.8651466360251062
recipe,레시피밑반찬,6,4.8202815452690375,0.9436796905740701,0.8651466360251062
recipe,밑반찬레시피,6,4.8202815452690375,0.9436796905740701,0.8651466360251062
recipe,일주일반찬,6,4.8202815452690375,0.9436796905740701,0.8651466360251062
동물복지,큐브닭가슴살,6,4.8202815452690375,0.9436796905740701,0.8651466360251062
재료는,집밥그램,11,4.2477623666157855,0.943563930668485,0.8791927752556875
재료는,도먹걸,11,4.2477623666157855,0.943563930668485,0.8791927752556875
식사기록,식단공유,10,4.319506270336717,0.9396076987469498,0.8688793054738593
닭가슴살요리,동물복지IFF큐브닭가슴살,5,4.953812930311845,0.9363980859329387,0.8442975345339399
동물복지닭가슴살,동물복지IFF큐브닭가슴살,5,4.953812930311845,0.9363980859329387,0.8442975345339399
닭가슴살요리,하림,5,4.953812930311845,0.9363980859329387,0.8442975345339399
닭가슴살요리,하림닭가슴살,5,4.953812930311845,0.9363980859329387,0.8442975345339399
큐브닭가슴살요리,하림닭가슴살,5,4.953812930311845,0.9363980859329387,0.8442975345339399
큐브닭가슴살요리,닭가슴살레시피,5,4.953812930311845,0.9363980859329387,0.8442975345339399
큐브닭가슴살요리,동물복지IFF큐브닭가슴살,5,4.953812930311845,0.9363980859329387,0.8442975345339399
닭가슴살요리,닭가슴살레시피,5,4.953812930311845,0.9363980859329387,0.8442975345339399
큐브닭가슴살요리,하림,5,4.953812930311845,0.9363980859329387,0.8442975345339399
동물복지닭가슴살,하림닭가슴살,5,4.953812930311845,0.9363980859329387,0.8442975345339399
동물복지닭가슴살,하림,5,4.953812930311845,0.9363980859329387,0.8442975345339399
동물복지닭가슴살,닭가슴살레시피,5,4.953812930311845,0.9363980859329387,0.8442975345339399
IFF,닭가슴살도시락,5,4.925642054126152,0.9310730656081045,0.8323191345503718
닭요리,닭가슴살도시락,5,4.925642054126152,0.9310730656081045,0.8323191345503718
단백질식단,신혼,5,4.925642054126152,0.9310730656081045,0.8323191345503718
큐브닭가슴살,닭가슴살도시락,5,4.925642054126152,0.9310730656081045,0.8323191345503718
큐브닭가슴살,닭요리,5,4.925642054126152,0.9310730656081045,0.8323191345503718
IFF,닭요리,5,4.925642054126152,0.9310730656081045,0.8323191345503718
cooking,cook,8,4.479354967824399,0.9292724723596898,0.8417721368804769
회사도시락,도시락싸는아내,7,4.597138000374485,0.927999914261794,0.835384953362561
식단기록,식사기록,11,4.173654394912643,0.9271021790357551,0.8466987011510309
재료는,반찬스타그램,11,4.167719659427488,0.9257838844000049,0.8441109452345407
cook,recipe,7,4.56896712379829,0.9223132085232978,0.8234601640858156
한식도시락,집밥일기,13,3.99240178701652,0.9210173396591947,0.8402429506346474
cook,레시피밑반찬,6,4.702498511890579,0.9206209842620812,0.8152534999009471
cook,요리영상,6,4.702498511890579,0.9206209842620812,0.8152534999009471
cook,일주일반찬,6,4.702498511890579,0.9206209842620812,0.8152534999009471
cook,밑반찬레시피,6,4.702498511890579,0.9206209842620812,0.8152534999009471
cook,cookstagram,6,4.702498511890579,0.9206209842620812,0.8152534999009471
집밥요리,집밥메뉴,16,3.783433868527834,0.9167217530628905,0.8390220154703305
식사기록,저당파로밥,8,4.414816447370206,0.9158835199556714,0.8148353450645077
예쁜도시락,주세요지니벤또,8,4.414816447370206,0.9158835199556714,0.8148353450645077
Lunchbox,lunchfoodstagram,12,4.037522221752052,0.914539089155444,0.8255373612914509
Lunchbox,instafoodobentagram,12,4.037522221752052,0.914539089155444,0.8255373612914509
Lunchbox,foodfoodphotography,12,4.037522221752052,0.914539089155444,0.8255373612914509
동물복지,동물복지닭가슴살,6,4.666130868370541,0.9135011913077502,0.8002907493846142
동물복지,닭가슴살요리,6,4.666130868370541,0.9135011913077502,0.8002907493846142
동물복지,큐브닭가슴살요리,6,4.666130868370541,0.9135011913077502,0.8002907493846142
동물복지,동물복지IFF큐브닭가슴살,5,4.820281541201837,0.9111572181542058,0.7893670274032021
recipe,예쁜상차림kimchi,5,4.820281541201837,0.9111572181542058,0.7893670274032021
recipe,yummyfood,5,4.820281541201837,0.9111572181542058,0.7893670274032021
동물복지,하림닭가슴살,5,4.820281541201837,0.9111572181542058,0.7893670274032021
동물복지,닭가슴살레시피,5,4.820281541201837,0.9111572181542058,0.7893670274032021
instafood,instagood,7,4.501827821848165,0.9087601530248035,0.7961026432257287
instafood,mamagirl,7,4.501827821848165,0.9087601530248035,0.7961026432257287
큐브닭가슴살요리,닭요리,5,4.77149137820391,0.9019346221687861,0.7700293990699771
닭가슴살요리,닭요리,5,4.77149137820391,0.9019346221687861,0.7700293990699771
큐브닭가슴살요리,닭가슴살도시락,5,4.77149137820391,0.9019346221687861,0.7700293990699771
동물복지닭가슴살,닭요리,5,4.77149137820391,0.9019346221687861,0.7700293990699771
동물복지닭가슴살,닭가슴살도시락,5,4.77149137820391,0.9019346221687861,0.7700293990699771
운동하는여자,바프식단,5,4.77149137820391,0.9019346221687861,0.7700293990699771
닭가슴살요리,닭가슴살도시락,5,4.77149137820391,0.9019346221687861,0.7700293990699771
cooking,밑반찬레시피,6,4.597137998055094,0.8999942685482283,0.7730238825035695
밀프랩,바프식단,6,4.597137998055094,0.8999942685482283,0.7730238825035695
cooking,cookstagram,6,4.597137998055094,0.8999942685482283,0.7730238825035695
cooking,일주일반찬,6,4.597137998055094,0.8999942685482283,0.7730238825035695
cooking,요리영상,6,4.597137998055094,0.8999942685482283,0.7730238825035695
cooking,레시피밑반찬,6,4.597137998055094,0.8999942685482283,0.7730238825035695
집밥요리,집밥일기,13,3.8811761523415296,0.8953584146272986,0.7938467748336588
집밥메뉴,집밥일기,13,3.8811761523415296,0.8953584146272986,0.7938467748336588
도시락일기,직장인점심시간,10,4.096362720513514,0.891068031429078,0.7757173695045416
밍키식단,식단공유,10,4.096362720513514,0.891068031429078,0.7757173695045416
cook,yummyfood,5,4.702498508278965,0.8888931948380467,0.7438441126622981
cook,예쁜상차림kimchi,5,4.702498508278965,0.8888931948380467,0.7438441126622981
다이어트레시피,도먹걸,12,3.903990829713282,0.8842928958364628,0.7714285714285714
다이어트레시피,집밥그램,12,3.903990829713282,0.8842928958364628,0.7714285714285714
식단기록,저당파로밥,8,4.260665769007328,0.8839039195383886,0.7536207606423008
요리레시피,주세요지니벤또,8,4.260665769007328,0.8839039195383886,0.7536207606423008
집밥도시락,집밥일기,13,3.8298828581389532,0.883525433908162,0.7732859238856813
식단공유,저당파로밥,7,4.3682964308211485,0.881804877935338,0.7438706436924252
직장인점심시간,자취일기,6,4.501827819741775,0.8813351344842549,0.7366739772611365
밍키식단,식단기록,11,3.9505108447699375,0.8775348569720876,0.7555071695348989
단백질도시락,신혼,5,4.6379599885081495,0.8766937542793309,0.7197832446062536
단백질도시락,단백질식단,5,4.6379599885081495,0.8766937542793309,0.7197832446062536
동물복지,닭요리,5,4.6379599885081495,0.8766937542793309,0.7197832446062536
동물복지,닭가슴살도시락,5,4.6379599885081495,0.8766937542793309,0.7197832446062536
집밥도시락,집밥요리,15,3.667602053143143,0.8749733424550715,0.7648682813098834
집밥도시락,집밥메뉴,15,3.667602053143143,0.8749733424550715,0.7648682813098834
다이어터,운동하는여자,6,4.442987320570845,0.8698157691672341,0.7148289635843154
밀프랩,운동하는여자,6,4.442987320570845,0.8698157691672341,0.7148289635843154
밍키식단,저당파로밥,8,4.1916728981061295,0.8695908820189063,0.727694506914099
cooking,예쁜상차림kimchi,5,4.597137994807947,0.8689773472808072,0.7053134565107608
cooking,yummyfood,5,4.597137994807947,0.8689773472808072,0.7053134565107608
직장인점심시간,쿡스타그램,8,4.183374095359207,0.8678692392820274,0.724214623297192
다이어트레시피,domukgirl,11,3.9039908293480456,0.867201273118335,0.7382100842174718
다이어트레시피,클릭도시락,11,3.9039908293480456,0.867201273118335,0.7382100842174718
다이어트레시피,반찬스타그램,12,3.8239481223551506,0.8661624235664982,0.7402715252008241
다이어터,밀프랩,7,4.240463060653169,0.8559998321555469,0.6969450101832992
직장인점심,집밥일기,13,3.6901209162222095,0.8512833954569279,0.7198039146754923
집밥요리,한식도시락,13,3.687020138553423,0.8505680691566873,0.7182554440056029
집밥메뉴,한식도시락,13,3.687020138553423,0.8505680691566873,0.7182554440056029
밑반찬,밑반찬레시피,6,4.334773737372465,0.8486305002675812,0.6769503817242337
밑반찬,일주일반찬,6,4.334773737372465,0.8486305002675812,0.6769503817242337
food,일주일반찬,6,4.334773737372465,0.8486305002675812,0.6769503817242337
밑반찬,요리영상,6,4.334773737372465,0.8486305002675812,0.6769503817242337
food,요리영상,6,4.334773737372465,0.8486305002675812,0.6769503817242337
food,밑반찬레시피,6,4.334773737372465,0.8486305002675812,0.6769503817242337
밑반찬,cookstagram,6,4.334773737372465,0.8486305002675812,0.6769503817242337
food,cookstagram,6,4.334773737372465,0.8486305002675812,0.6769503817242337
밑반찬,레시피밑반찬,6,4.334773737372465,0.8486305002675812,0.6769503817242337
food,레시피밑반찬,6,4.334773737372465,0.8486305002675812,0.6769503817242337
koreanfood,cook,8,4.073889863360916,0.8451559951465958,0.6851084954621716
cooking,recipe,6,4.30945592970358,0.8436739638738853,0.6678635787394009
직장인점심,집밥요리,15,3.5278401111057636,0.8416305828534248,0.711538467552519
직장인점심,집밥메뉴,15,3.5278401111057636,0.8416305828534248,0.711538467552519
집밥도시락,한식도시락,13,3.6357268443182043,0.8387350884300203,0.6994817826720113
식단일기,다이어터,7,4.1451528817434475,0.8367600708411611,0.6638781640747516
점메추,신혼,5,4.414816441294206,0.834513883250921,0.6428745798145774
다이어터,바프식단,5,4.414816441294206,0.834513883250921,0.6428745798145774
집밥레시피,단백질식단,5,4.414816441294206,0.834513883250921,0.6428745798145774
집밥레시피,신혼,5,4.414816441294206,0.834513883250921,0.6428745798145774
점메추,단백질식단,5,4.414816441294206,0.834513883250921,0.6428745798145774
다이어트레시피,재료는,11,3.736936745373036,0.8300932160978889,0.677204765238679
직장인점심,집밥도시락,15,3.476546816830806,0.8293936322554644,0.6927735907288227
직장인점심시간,오도완,6,4.214145751017509,0.8250148297369371,0.6362394187007557
레시피,집밥그램,12,3.641626566192006,0.8248647710090617,0.6744961489475347
레시피,도먹걸,12,3.641626566192006,0.8248647710090617,0.6744961489475347
koreanfood,cooking,8,3.9685293484320265,0.8232982439970786,0.6490314533800602
100g,저당파로밥,5,4.350277921181702,0.8223144426276173,0.621951219512195
koreanfood,밑반찬레시피,6,4.1916728954139515,0.8206152573835142,0.6295624547106813
koreanfood,cookstagram,6,4.1916728954139515,0.8206152573835142,0.6295624547106813
koreanfood,레시피밑반찬,6,4.1916728954139515,0.8206152573835142,0.6295624547106813
koreanfood,요리영상,6,4.1916728954139515,0.8206152573835142,0.6295624547106813
koreanfood,일주일반찬,6,4.1916728954139515,0.8206152573835142,0.6295624547106813
food,yummyfood,5,4.33477373488229,0.8193837525553537,0.6176551907734801
밑반찬,yummyfood,5,4.33477373488229,0.8193837525553537,0.6176551907734801
밑반찬,예쁜상차림kimchi,5,4.33477373488229,0.8193837525553537,0.6176551907734801
food,예쁜상차림kimchi,5,4.33477373488229,0.8193837525553537,0.6176551907734801
밍키식단,100g,7,4.0581415054993215,0.81919554489311,0.6353361457499759
직장인점심도시락,직장인점심시간,10,3.7598904855963076,0.8178763556781005,0.6531739372400622
식단도시락,신혼,5,4.319506262980887,0.8164978075940431,0.6125182542840641
쿡스타그램,자취일기,5,4.319506262980887,0.8164978075940431,0.6125182542840641
식단도시락,단백질식단,5,4.319506262980887,0.8164978075940431,0.6125182542840641
lover,foodfoodphotography,14,3.465735900603155,0.813425901375533,0.6661552230419681
lover,lunchfoodstagram,14,3.465735900603155,0.813425901375533,0.6661552230419681
lover,instafoodobentagram,14,3.465735900603155,0.813425901375533,0.6661552230419681
레시피,domukgirl,11,3.6416265659127895,0.8089217757482543,0.6454516689689705
레시피,클릭도시락,11,3.6416265659127895,0.8089217757482543,0.6454516689689705
식사기록,100g,6,4.127134374959758,0.8079803748687995,0.6086321148849181
레시피,재료는,12,3.561583858761089,0.8067342987226105,0.6469115851365397
레시피,반찬스타그램,12,3.561583858761089,0.8067342987226105,0.6469115851365397
직장인점심,한식도시락,13,3.495964902320564,0.8064930499601239,0.650625560505633
characterfood,snoopy,7,3.9936029848742836,0.8061674953540838,0.6147550979600028
characterfood,peanuts,7,3.9936029848742836,0.8061674953540838,0.6147550979600028
도시락일기,쿡스타그램,8,3.873219169224104,0.8035255029417724,0.6179497363833719
따라,부터,5,4.232494887233763,0.8000504191176941,0.5860213704119939
단백질,단백질식단,5,4.232494887233763,0.8000504191176941,0.5860213704119939
모두들,주세요지니벤또,5,4.232494887233763,0.8000504191176941,0.585720791916686
diet,밀프랩,6,4.08631238084953,0.7999885415269554,0.5959266802443991
요리레시피,예쁜도시락,8,3.8552006638279264,0.7997874421767723,0.6121700959178339
koreanfood,yummyfood,5,4.191672893260209,0.7923340120675,0.5744180497804213
koreanfood,예쁜상차림kimchi,5,4.191672893260209,0.7923340120675,0.5744180497804213
밑반찬,recipe,6,4.047091668074735,0.7923101954079951,0.5842541409629204
food,recipe,6,4.047091668074735,0.7923101954079951,0.5842541409629204
다들,밍키식단,14,3.3649943310189188,0.7897813409141365,0.6319176477735138
식단일기,운동하는여자,5,4.1653555852836375,0.7873593638192025,0.5660942488526625
직장인점심시간,벤또,5,4.1653555852836375,0.7873593638192025,0.5660942488526625
간식,단백질식단,5,4.152452180611577,0.7849202883823803,0.5626271303332838
간식,신혼,5,4.152452180611577,0.7849202883823803,0.5626271303332838
식단일기,밀프랩,6,3.991002201939809,0.7813294073462226,0.5675118868195346
집밥레시피,단백질도시락,5,4.127134372942692,0.7801345714054435,0.5550364891430989
점메추,단백질도시락,5,4.127134372942692,0.7801345714054435,0.5550364891430989
다들,식사기록,12,3.433987202005146,0.777832382190688,0.6060915267313264
도시락싸기,요리레시피,12,3.41336791485471,0.7731619078121194,0.5988248344192024
밑반찬,cook,6,3.929308633469702,0.7692514888558761,0.5498950682171896
food,cook,6,3.929308633469702,0.7692514888558761,0.5498950682171896
obento,instagood,7,3.808680647678245,0.7688382019874207,0.5597646021169168
obento,mamagirl,7,3.808680647678245,0.7688382019874207,0.5597646021169168
도시락일기,오도완,6,3.903990825695682,0.7642949524415976,0.5429777845858528
koreanfood,recipe,6,3.903990825695682,0.7642949524415976,0.5429777845858528
다들,식단공유,11,3.4339872017796917,0.7627984294606365,0.5799926183227408
식단공유,100g,5,4.031824194256622,0.762118495678106,0.5286081937090863
쿡스타그램,오도완,5,4.031824194256622,0.762118495678106,0.5286081937090863
식단도시락,단백질도시락,5,4.031824194256622,0.762118495678106,0.5286081937090863
characterfood,wpdelijapan,7,3.7704594350976737,0.7611226881188219,0.5478292229645769
도시락일기,자취일기,5,4.0093513386530635,0.7578705478309322,0.5230244207507707
도시락스타그램,집밥그램,12,3.3443750435351163,0.7575343337136022,0.5786281151368486
도시락스타그램,도먹걸,12,3.3443750435351163,0.7575343337136022,0.5786281151368486
직장인점심도시락,자취일기,6,3.8552006619167516,0.7547431687489732,0.5304410612891819
characterfood,happykbaglecafe,6,3.839452305070644,0.7516600698934363,0.5252836987263875
직장인점심도시락,도시락일기,10,3.449735558428473,0.7504093955367324,0.5556293718618089
food,cooking,6,3.8239481186529556,0.7486247729499191,0.5207789662101352
간식,집밥레시피,6,3.8239481186529556,0.7486247729499191,0.5207789662101352
밑반찬,cooking,6,3.8239481186529556,0.7486247729499191,0.5207789662101352
다들,식단기록,12,3.279836522543983,0.7429157144315373,0.5585845947034902
도시락스타그램,domukgirl,11,3.3443750433296304,0.7428927018880764,0.5537118087482205
도시락스타그램,직장인점심시간,11,3.3443750433296304,0.7428927018880764,0.5537118087482205
도시락스타그램,클릭도시락,11,3.3443750433296304,0.7428927018880764,0.5537118087482205
도시락싸기,주세요지니벤또,8,3.567518592840526,0.7401058515726991,0.5290624583025463
도시락스타그램,반찬스타그램,12,3.2643323360418113,0.7394038614130195,0.5545165879206031
집밥레시피,점메추,5,3.903990824088642,0.7379547000670114,0.4949083503054989
다이어터,diet,5,3.903990824088642,0.7379547000670114,0.4949083503054989
lover,Lunchbox,12,3.242592349451917,0.734479537423653,0.5474602707445675
자취요리,자취일기,5,3.884188196985416,0.7342114941008673,0.4905877043824175
직장인점심도시락,쿡스타그램,8,3.536746934306898,0.7337220629670729,0.5194246244643079
도시락반찬,주세요지니벤또,8,3.5324272731807436,0.7328259200618351,0.5195909628863885
간식,단백질도시락,5,3.864770111313847,0.7305409763580436,0.485146735382343
자취요리,직장인점심시간,7,3.6145246343649395,0.7296449552992678,0.5052383453011079
10월,23일,10,3.3443750430830477,0.7274906763205219,0.527674616062235
예쁜도시락,모두들,5,3.82702978368145,0.7234070835254708,0.4756846285450787
식단도시락,점메추,5,3.808680645178921,0.7199386242973979,0.47114560956431745
식단도시락,집밥레시피,5,3.808680645178921,0.7199386242973979,0.47114560956431745
식단기록,100g,5,3.790662139835993,0.7165326632423793,0.4669674651832661
식단,diet,10,3.288805192080216,0.7154027531754512,0.5126784703489868
식단,다이어터,10,3.288805192080216,0.7154027531754512,0.5126784703489868
다들,저당파로밥,8,3.4339872007651464,0.7124038614998321,0.49386479832479474
레시피,다이어트레시피,12,3.130800943687636,0.7091576680225957,0.5151948577307257
도시락스타그램,재료는,11,3.177320959059697,0.7057846448021184,0.5064704305953137
재료,안주,5,3.721669268934794,0.7034912357271028,0.4513185131287132
도시락기록,직장인점심시간,11,3.162053486961678,0.7023932507595991,0.5036153935669947
요리,주세요지니벤또,8,3.373362579174829,0.6998268738764406,0.47861988743920725
닭가슴살,운동하는여자,7,3.465735898406584,0.6996097607496965,0.4693661348328389
닭가슴살,동물복지닭가슴살,7,3.465735898406584,0.6996097607496965,0.4693661348328389
lover,mamagirl,7,3.465735898406584,0.6996097607496965,0.4693661348328389
lover,instagood,7,3.465735898406584,0.6996097607496965,0.4693661348328389
닭가슴살,큐브닭가슴살요리,7,3.465735898406584,0.6996097607496965,0.4693661348328389
닭가슴살,닭가슴살요리,7,3.465735898406584,0.6996097607496965,0.4693661348328389
직장인점심도시락,오도완,6,3.5675185914174787,0.6984228636541575,0.45652701209236346
밑반찬,food,6,3.561583855932324,0.6972610042702868,0.45438830832089255
요리,요리레시피,11,3.1322005238746438,0.6957619524991588,0.49417231597099676
요리레시피,모두들,5,3.6728791051558636,0.6942686395940533,0.43921300116398504
다이어트식단,건강식단,6,3.5209985760488367,0.6893155131194844,0.44564335415317335
간식,점메추,5,3.641626561892068,0.688361104912296,0.43204438454052785
다이어트식단,다이어트요리,5,3.6263590898759723,0.6854751599293055,0.42969071689387217
다이어트도시락,다이어트레시피,17,2.7669122633649668,0.6804145137986454,0.5080987889584689
닭가슴살,IFF,6,3.465735897674393,0.6784965875569572,0.4343281865488718
닭가슴살,큐브닭가슴살,6,3.465735897674393,0.6784965875569572,0.4343281865488718
한식,요리영상,6,3.465735897674393,0.6784965875569572,0.4343281865488718
한식,밑반찬레시피,6,3.465735897674393,0.6784965875569572,0.4343281865488718
한식,cookstagram,6,3.465735897674393,0.6784965875569572,0.4343281865488718
한식,일주일반찬,6,3.465735897674393,0.6784965875569572,0.4343281865488718
닭가슴살,바프식단,6,3.465735897674393,0.6784965875569572,0.4343281865488718
닭가슴살,닭가슴살도시락,6,3.465735897674393,0.6784965875569572,0.4343281865488718
한식,레시피밑반찬,6,3.465735897674393,0.6784965875569572,0.4343281865488718
obento,instafood,7,3.3566955262588336,0.6775983580039134,0.44164810332865767
오늘의도시락,식단기록,13,2.9337948356623365,0.6768046050462377,0.4854319222143649
다이어트도시락,반찬스타그램,13,2.929431192380809,0.6757979450604007,0.48503736018292315
닭가슴살,밀프랩,8,3.242592348435117,0.6726977053904785,0.44586000472622217
아침,단백질도시락,6,3.4339871995251463,0.6722810581601285,0.42592844151438014
간식,식단도시락,5,3.5463163827758994,0.6703450291036588,0.4110387611572692
koreanfood,밑반찬,6,3.418483013068032,0.6692457612088929,0.4215414606304212
koreanfood,food,6,3.418483013068032,0.6692457612088929,0.4215414606304212
음식,건강식단,5,3.539347713507595,0.6690277713355239,0.40994746438231916
아침,신혼,5,3.539347713507595,0.6690277713355239,0.41079873358310465
아침,단백질식단,5,3.539347713507595,0.6690277713355239,0.41079873358310465
자취요리,도시락일기,7,3.3043697074644,0.6670356219383533,0.4291820165724903
도시락반찬,도시락싸기,14,2.839280095597409,0.6663935271631612,0.47626123825154243
다이어트식단,바르닭,6,3.4032155410137057,0.6662568064831641,0.4187691074895527
다들,100g,7,3.300455808158338,0.6662455438027484,0.43007392854117543
도시락기록,도시락일기,12,2.938909936207955,0.6656924392116854,0.46622834256301376
직장인점심도시락,벤또,5,3.518728426444324,0.6651301956274858,0.40590973210468123
다이어트도시락,집밥그램,12,2.9294311922681473,0.6635454090845577,0.4657710017884826
다이어트도시락,도먹걸,12,2.9294311922681473,0.6635454090845577,0.4657710017884826
아침,식단도시락,7,3.2696841496080693,0.6600338319737764,0.42189299710388833
건강식,건강식단,5,3.4852804925969916,0.6588076756466834,0.39855539810974155
도시락반찬,요리레시피,9,3.090594522705779,0.6572239210911494,0.43580874651277113
다이어트식단,식단관리,5,3.472208411113718,0.6563367159531517,0.3962045180815762
도시락싸기,예쁜도시락,8,3.1620534861967426,0.6559893739072871,0.4265720526857923
닭가슴살,닭가슴살레시피,5,3.465735896649327,0.6551132442070663,0.3962846704330908
닭가슴살,하림닭가슴살,5,3.465735896649327,0.6551132442070663,0.3962846704330908
한식,yummyfood,5,3.465735896649327,0.6551132442070663,0.3962846704330908
닭가슴살,동물복지IFF큐브닭가슴살,5,3.465735896649327,0.6551132442070663,0.3962846704330908
닭가슴살,큐브,5,3.465735896649327,0.6551132442070663,0.3962846704330908
한식,예쁜상차림kimchi,5,3.465735896649327,0.6551132442070663,0.3962846704330908
닭가슴살,하림,5,3.465735896649327,0.6551132442070663,0.3962846704330908
도시락스타그램,자취일기,6,3.3443750412747733,0.654737441054944,0.40790508040700924
다이어트도시락,domukgirl,11,2.9294311921350014,0.6507203962249765,0.4457144357767266
다이어트도시락,클릭도시락,11,2.9294311921350014,0.6507203962249765,0.4457144357767266
먹스타그램,탄단지,5,3.4339871985331465,0.6491119234940973,0.38801683098309897
닭가슴살,바르닭,7,3.2144214711334236,0.648878247590151,0.41054389597596314
오늘의도시락,식사기록,11,2.92089143060122,0.6488234419548613,0.44288446679197435
도시락반찬,예쁜도시락,8,3.1269621664864644,0.6487094423859473,0.41870825072948126
한식,화이팅도시락,6,3.3115852186029446,0.6483180878652326,0.4001508522768442
닭가슴살,닭가슴살을,6,3.3115852186029446,0.6483180878652326,0.4001508522768442
다이어트식단,밀프랩,6,3.2978550258528814,0.645630090509846,0.3959617457029772
다이어트식단,다이어터,6,3.2978550258528814,0.645630090509846,0.3959617457029772
식단,바프식단,6,3.288805190373261,0.6438583794873776,0.39631270162516485
직장인점심도시락,자취요리,8,3.101428864552588,0.6434123862727266,0.41225494736775276
도시락스타그램,다이어트레시피,12,2.8335494207063294,0.6418272306536527,0.4390712277366845
도시락스타그램,도시락일기,10,2.9389099359120867,0.6392912126717764,0.4240468895954612
도시락기록,도시락싸는아내,7,3.1620534857960623,0.6383069995877688,0.4009295459878502
식단,다이어트식단,13,2.762712097611253,0.6373370923390134,0.43998622107814656
홈쿡,주세요지니벤또,8,3.071081708245691,0.6371166635240352,0.4088971623283756
식단,탄단지,7,3.1552737988332993,0.6369384200672816,0.39860791699617026
식단,밀프랩,8,3.065661640790806,0.6359922338862108,0.4061701891791031
도시락메뉴,집밥메뉴,17,2.5838048520690076,0.6353863638715673,0.4606090675272638
피크닉,피크닉도시락,7,3.141850778545486,0.6342287860133964,0.3940421876534167
오늘의도시락,식단공유,10,2.9125926276434,0.6335664969492021,0.4201113388111705
다이어트도시락,다이어트식단,16,2.6109774618322503,0.6326368899768567,0.45125977566240727
다이어트식단,잘라,5,3.3386770192879487,0.6310958476610702,0.3691062683983347
오늘의도시락,밍키식단,12,2.7847592566038406,0.6307757714201547,0.4292076886812183
요리,저녁메뉴,6,3.219211898872064,0.6302339106315412,0.3812860250399635
10월,식단공유,8,3.025921312244914,0.6277478340506327,0.39717658096872926
도시락스타그램,쿡스타그램,8,3.025921312244914,0.6277478340506327,0.39717658096872926
닭가슴살,다이어터,7,3.1090609558283084,0.6276096780667301,0.3878619553309412
lover,wpdelijapan,7,3.1090609558283084,0.6276096780667301,0.3878619553309412
다이어트식단,식단일기,6,3.2025448464551944,0.6269709562335829,0.37627733064855795
오늘의도시락,저당파로밥,8,3.007902806787879,0.6240097732730073,0.3955535172818131
닭가슴살,동물복지,6,3.178053826545279,0.6221762823388358,0.37247268824447666
한식,recipe,6,3.178053826545279,0.6221762823388358,0.37247268824447666
닭가슴살,닭요리,5,3.2834143409135055,0.6206497797571499,0.3596050576802487
자취요리,쿡스타그램,5,3.2780523978004124,0.6196362345670884,0.356889540050642
도시락싸기,모두들,6,3.162053485261822,0.6190438518013973,0.36885808688142135
도시락기록,자취일기,6,3.162053485261822,0.6190438518013973,0.37100035498893047
일상,먹스타,5,3.267413999651043,0.6176253036327556,0.35521569010991505
식단,식단일기,8,2.970351461228266,0.6162194927573369,0.3855705927017602
요리,예쁜도시락,8,2.9678974722726257,0.6157103961574175,0.38463937162212447
식단,운동하는여자,6,3.1346545111792485,0.6136798797716583,0.36473001182974185
다이어트도시락,재료는,11,2.762377107731517,0.6136123391093524,0.40620438544687665
밍키식단,단무지,5,3.236161456307144,0.6117177689358568,0.348904821939197
도시락메뉴,집밥요리,16,2.52318023025622,0.6113637199304711,0.43130214718943777
남편도시락,집밥요리,16,2.52318023025622,0.6113637199304711,0.43130214718943777
홈쿡,밑반찬,10,2.8087174447818946,0.6109708771220755,0.39611527728555634
10월,식사기록,8,2.9389099354682853,0.6096967356667263,0.37869809416305766
lover,instafood,7,3.0137507763125653,0.6083699166300098,0.36827132999812456
재료,집밥레시피,5,3.2108436484490164,0.6069320519231483,0.3445109883721902
도시락메뉴,집밥일기,13,2.620922514767384,0.604627292236495,0.41050347335936715
남편도시락,집밥일기,13,2.620922514767384,0.604627292236495,0.41050347335936715
10월,밍키식단,9,2.833549420265283,0.6025625318723148,0.3792725932166749
홈쿡,밑반찬레시피,6,3.071081707395662,0.601234058248577,0.35375600446860594
홈쿡,요리영상,6,3.071081707395662,0.601234058248577,0.35375600446860594
홈쿡,cookstagram,6,3.071081707395662,0.601234058248577,0.35375600446860594
홈쿡,레시피밑반찬,6,3.071081707395662,0.601234058248577,0.35375600446860594
홈쿡,일주일반찬,6,3.071081707395662,0.601234058248577,0.35375600446860594
다이어트도시락,다이어터,9,2.8240706763284225,0.6005468493842255,0.3798825945121731
레시피,잘라,5,3.1716229354849785,0.5995183281784089,0.33795482562088364
한식,cook,6,3.0602707913297844,0.5991175756672052,0.34943968820279653
남편도시락,집밥도시락,16,2.471886935907321,0.5989354126440563,0.4186672513368688
도시락메뉴,집밥도시락,16,2.471886935907321,0.5989354126440563,0.4186672513368688
도시락스타그램,오도완,6,3.056692969994497,0.5984171358072292,0.34930410413985985
10월,저당파로밥,6,3.056692969994497,0.5984171358072292,0.34930410413985985
다이어트도시락,닭가슴살,18,2.385815746599937,0.5950627766749573,0.4210659382855325
홈쿡,요리레시피,10,2.7346094727457153,0.5948504187396202,0.3800168123477128
홈쿡,recipe,7,2.9375503156388825,0.5929877329831134,0.35529964845023754
bento,characterfood,16,2.445375810378202,0.5925117968719161,0.4155755187911439
도시락기록,쿡스타그램,8,2.8435997558769612,0.5899239945318808,0.36019344033681516
다이어트식단,diet,5,3.1155334690919934,0.5889159760689834,0.32743521888208516
한식,koreanfood,8,2.837127241385086,0.5885812276407876,0.3575553529795143
남편도시락,직장인점심,17,2.392749615440738,0.588403755257511,0.4122965752384215
남편도시락,집밥메뉴,15,2.4586417091227823,0.586553808989988,0.40199522685161176
도시락스타그램,레시피,12,2.571185156563255,0.5823991056854081,0.37904476623208994
홈쿡,예쁜상차림kimchi,5,3.071081706715639,0.5805134494110088,0.32276993754075445
홈쿡,yummyfood,5,3.071081706715639,0.5805134494110088,0.32276993754075445
다이어트도시락,식단일기,9,2.7287604966928907,0.580278862264024,0.3601013618507874
닭가슴살,diet,6,2.9549102760246693,0.578490859665639,0.3298639059356603
한식,cooking,6,2.9549102760246693,0.578490859665639,0.3298639059356603
10월,식단기록,8,2.7847592559757426,0.5777171350150869,0.3476959208439538
아침,간식,6,2.9484793857147276,0.5772318666958698,0.32799919846141407
lover,characterfood,8,2.7725887203797814,0.5751922751224373,0.3449415373637054
한식,food,7,2.846696692093371,0.5746475929103682,0.3359221075161764
lunchbox,bento,45,1.774701486215493,0.5737687377282031,0.4708766344375805
다이어트도시락,바프식단,6,2.9294311908035433,0.5735027495248151,0.3283462261263446
다이어트도시락,닭가슴살도시락,6,2.9294311908035433,0.5735027495248151,0.3283462261263446
아침,점메추,5,3.0285220924751153,0.5724685874282287,0.3124949153222307
아침,집밥레시피,5,3.0285220924751153,0.5724685874282287,0.3124949153222307
홈쿡,cook,7,2.8197672802796196,0.5692114950920634,0.3328056445999054
도시락스타그램,벤또,5,3.0079028053560584,0.5685710117096455,0.31025913028926805
도시락기록,회사도시락,7,2.805378542861477,0.5663069168328759,0.3295882804809117
lover,snoopy,5,2.995732269784391,0.5662704673866344,0.3076948294193503
lover,peanuts,5,2.995732269784391,0.5662704673866344,0.3076948294193503
먹을,토마토,5,2.995732269784391,0.5662704673866344,0.3076948294193503
도시락스타그램,직장인점심도시락,10,2.602437699826419,0.5660995366666274,0.35145514650661297
식단,바르닭,6,2.88334008374267,0.5644793675416381,0.317803349848158
도시락기록,오도완,6,2.8743714137862955,0.5627235465154578,0.31688239263336954
다이어트도시락,밀프랩,8,2.706287640685817,0.561437667887715,0.335009585015141
도시락메뉴,한식도시락,13,2.4267665005115635,0.5598369466579857,0.3668271586899023
남편도시락,한식도시락,13,2.4267665005115635,0.5598369466579857,0.3668271586899023
닭가슴살,식단일기,6,2.859600096508926,0.5598317253662636,0.3129441818293922
닭가슴살,식단도시락,6,2.859600096508926,0.5598317253662636,0.3129441818293922
도시락기록,직장인점심도시락,11,2.515426323050915,0.5587566685317776,0.3516375316747738
오늘의도시락,벤또,6,2.85375212664333,0.5586868523248396,0.31424213616007163
오늘의도시락,쑤도시락,6,2.85375212664333,0.5586868523248396,0.31424213616007163
오늘의도시락,직장인점심시간,8,2.68944907635399,0.5579443938739289,0.33126144048462086
레시피,집밥레시피,5,2.948479385116984,0.5573384565538021,0.2992725449829039
도시락반찬,모두들,5,2.9446406088243195,0.5566128290778874,0.29894774984890204
10월,오후,6,2.8335494193831905,0.5547317131162764,0.3088853917639123
lunchbox,obento,18,2.2217155968913285,0.5541334254132166,0.3863850412691549
다이어트도시락,하림닭가슴살,5,2.929431190217702,0.5537378576827741,0.29958584323604853
다이어트도시락,동물복지IFF큐브닭가슴살,5,2.929431190217702,0.5537378576827741,0.29958584323604853
다이어트도시락,닭가슴살레시피,5,2.929431190217702,0.5537378576827741,0.29958584323604853
홈쿡,예쁜도시락,8,2.665616601028889,0.5530001857397464,0.32641006586709226
살짝,양파,5,2.910739057274317,0.5502045636814828,0.2935125433570157
위에,썰어,5,2.8996892211277836,0.5481158603810061,0.2909461864847935
닭가슴살,다이어트식단,9,2.571918025444943,0.5469258542295194,0.32704203927019926
lover,obento,9,2.571918025444943,0.5469258542295194,0.32704203927019926
도시락메뉴,도시락싸는아내,7,2.6950304859374037,0.5440315386832199,0.3132307351561676
도시락메뉴,닭가슴살요리,7,2.6950304859374037,0.5440315386832199,0.3132307351561676
도시락메뉴,큐브닭가슴살요리,7,2.6950304859374037,0.5440315386832199,0.3132307351561676
도시락메뉴,동물복지닭가슴살,7,2.6950304859374037,0.5440315386832199,0.3132307351561676
10월,100g,5,2.874371413233609,0.5433301433614839,0.2882128362790099
10월,배추김치,5,2.874371413233609,0.5433301433614839,0.2882128362790099
다이어트도시락,운동하는여자,6,2.7752805114183623,0.5433242497716703,0.3012826733801222
다이어트도시락,레시피,14,2.31039198468326,0.5422607886379108,0.35384359729224785
도시락메뉴,직장인점심,15,2.2675864724945125,0.5409740987150091,0.3589130077077142
식단,건강식,9,2.541590791520843,0.5404766796616451,0.3218104467046301
오늘의도시락,자취요리,10,2.4772745570299266,0.5388732183768333,0.3283521566563207
반찬,간단레시피,5,2.8462005363645386,0.5380051229074738,0.2853527981744933
도시락기록,자취요리,9,2.5260647210134892,0.5371750155763004,0.3194048321598515
홈쿡,food,8,2.585573893492485,0.5363947849039103,0.3118101163614474
오늘의도시락,신혼,5,2.825581249231535,0.5341075471862544,0.28221283752974796
도시락기록,벤또,5,2.825581249231535,0.5341075471862544,0.2813138739217006
오늘의도시락,자취일기,5,2.825581249231535,0.5341075471862544,0.28221283752974796
오늘의도시락,단백질식단,5,2.825581249231535,0.5341075471862544,0.28221283752974796
식단,건강식단,5,2.818801562268772,0.5328260119356376,0.2796491162560376
bento,wpdelijapan,10,2.4453758099863045,0.531934391013994,0.32753606665305784
집밥,한식도시락,17,2.154790978476618,0.5298870785930968,0.3646473227807223
도시락메뉴,IFF,6,2.6950304856113196,0.5276134829189585,0.2898482167236023
도시락메뉴,닭요리,6,2.6950304856113196,0.5276134829189585,0.2898482167236023
도시락메뉴,큐브닭가슴살,6,2.6950304856113196,0.5276134829189585,0.2898482167236023
한식,밑반찬,6,2.692546012289732,0.5271270907874333,0.28497657462272785
요리,모두들,5,2.785575914749097,0.5265455097893147,0.2741613009588573
음식,자취요리,5,2.785575914749097,0.5265455097893147,0.27301334712237146
샐러드,식단일기,5,2.7790612337487857,0.5253140674831613,0.27257833046531066
bento,식사기록,11,2.358364433178367,0.5238681975261755,0.32639234103537595
간단하게,밍키식단,5,2.7565883779677276,0.5210661196024357,0.26870363688684046
다이어트식단,건강식,6,2.6560011417992846,0.5199726016247944,0.27861771531055435
다이어트도시락,diet,7,2.5727562480790085,0.519348685516799,0.2901365755181089
다이어트도시락,큐브닭가슴살,5,2.7471096340426553,0.5192743931498327,0.27053304609131906
다이어트도시락,IFF,5,2.7471096340426553,0.5192743931498327,0.27053304609131906
다이어트도시락,닭요리,5,2.7471096340426553,0.5192743931498327,0.27053304609131906
lunchbox,식사기록,11,2.3353749149753398,0.51876148997344,0.32223408922643026
도시락메뉴,동물복지,7,2.5614990935751583,0.5170762633242189,0.29011600780723784
소풍도시락,엄마표도시락,5,2.734609471316866,0.5169115408146835,0.2677559466825723
홈쿡,화이팅도시락,5,2.734609471316866,0.5169115408146835,0.2677559466825723
건강식,자취요리,5,2.731508693648079,0.5163254140644808,0.26489704079010423
제가,맛이,5,2.7284175010878093,0.5157410991463751,0.2648464936881704
홈쿡,요리,14,2.1837785152365354,0.5125439612555759,0.3273444579287905
bento,식단공유,10,2.3500656302860032,0.511201887572489,0.30948663176530816
남편도시락,아침밥,5,2.6950304851548026,0.5094300942185584,0.2644599374326059
도시락메뉴,하림닭가슴살,5,2.6950304851548026,0.5094300942185584,0.2644599374326059
도시락메뉴,동물복지IFF큐브닭가슴살,5,2.6950304851548026,0.5094300942185584,0.2644599374326059
도시락메뉴,닭가슴살레시피,5,2.6950304851548026,0.5094300942185584,0.2644599374326059
도시락메뉴,트러플,5,2.6950304851548026,0.5094300942185584,0.2644599374326059
남편도시락,100g당,5,2.6950304851548026,0.5094300942185584,0.2644599374326059
도시락메뉴,하림,5,2.6950304851548026,0.5094300942185584,0.2644599374326059
bento,저당파로밥,8,2.4453758097250393,0.5073097445669659,0.29265929191770806
bento,happykbaglecafe,8,2.4453758097250393,0.5073097445669659,0.29265929191770806
bento,peanuts,8,2.4453758097250393,0.5073097445669659,0.29265929191770806
bento,snoopy,8,2.4453758097250393,0.5073097445669659,0.29265929191770806
다이어트도시락,식단,16,2.09110200288849,0.5066716534593911,0.33173024682851804
lunchbox,식단공유,10,2.327076112084946,0.5062010548521992,0.3055369056346509
lunchbox,instafood,10,2.327076112084946,0.5062010548521992,0.3055369056346509
건강식,음식,5,2.674350279977388,0.5055210034197638,0.2565103994493166
lunchbox,저당파로밥,8,2.422386291532848,0.5025404135891194,0.28899499633791553
홈쿡,cooking,6,2.5602560850558507,0.5012283302221584,0.2656747622652156
도시락기록,도시락스타그램,13,2.171654784380504,0.5009845749174888,0.3125487604224577
식단,닭가슴살,11,2.252713262186109,0.5003996920926652,0.3009727379350666
lunchbox,밍키식단,12,2.1992427408296202,0.4981504354810108,0.3099783544756418
남편도시락,화이팅도시락,6,2.5408798061337645,0.49743498314772927,0.26524233526814933
lunch,obento,7,2.458753935462582,0.4963356421134746,0.2692966674201379
도시락스타그램,자취요리,7,2.4570718492823813,0.4959960882800069,0.269456439871293
다이어트도시락,바르닭,6,2.5239660837268927,0.4941237374917493,0.2609248118310916
다이어트도시락,저당,6,2.5239660837268927,0.4941237374917493,0.2609248118310916
bento,instagood,7,2.4453758095384215,0.49363507064714207,0.27361870176552144
bento,mamagirl,7,2.4453758095384215,0.49363507064714207,0.27361870176552144
오늘의도시락,도시락일기,8,2.3792941485370096,0.49360065718475715,0.27672348161818006
bento,obento,15,2.062383558321274,0.4920192020020991,0.31851636291717544
다이어트도시락,동물복지닭가슴살,5,2.5929589546574743,0.4901359490559297,0.24773090631452802
다이어트도시락,닭가슴살요리,5,2.5929589546574743,0.4901359490559297,0.24773090631452802
다이어트도시락,큐브닭가슴살요리,5,2.5929589546574743,0.4901359490559297,0.24773090631452802
bento,식단기록,11,2.20421375348733,0.4896263994473497,0.29722340007504555
lunchbox,instagood,7,2.422386291350874,0.4889942983002545,0.27019280746755436
lunchbox,mamagirl,7,2.422386291350874,0.4889942983002545,0.27019280746755436
오늘의도시락,점메추,6,2.497077183565295,0.48885962402740657,0.25641419595922615
집밥,식사기록,12,2.1547909782912,0.4880816675113326,0.305582487408016
좋은,가지,5,2.576915829859113,0.48710338574259865,0.24309425349529734
오늘의,주세요지니벤또,8,2.345846214513511,0.48666165713483767,0.27706512490804047
lunchbox,식단기록,11,2.181224235281207,0.48451969189392635,0.293302902513838
맛있는,먹어도,6,2.4570718490303527,0.4810276703623143,0.2488190373541128
살짝,간장,5,2.54301427827044,0.4806951203388843,0.23845422107120082
홈쿡,한식,12,2.1220011554912115,0.48065444531165963,0.29101231604427535
집밥,집밥메뉴,16,1.9829407216065909,0.48046429716989086,0.3169759628876575
집밥,집밥요리,16,1.9829407216065909,0.48046429716989086,0.3169759628876575
집밥,집밥일기,13,2.080683006232989,0.47999806364851566,0.30370915525550957
집밥,식단기록,13,2.080683006232989,0.47999806364851566,0.30370915525550957
오늘의도시락,100g,5,2.5378991776165436,0.4797282347238957,0.2395133174633248
오늘의도시락,단백질도시락,5,2.5378991776165436,0.4797282347238957,0.2395133174633248
넣어,맛이,5,2.5277468061778827,0.47780917534144063,0.23657873286795933
좋은,있어요,6,2.4338149869104426,0.4764746109107184,0.2453985295606502
요리,도시락싸기,9,2.238382648906269,0.47599858558237024,0.2689957383570307
10월,목요일,6,2.4280843122122295,0.47535270106474725,0.2449497040803159
남편도시락,신혼,5,2.512708928850432,0.47496662966117154,0.238041112040753
남편도시락,단백질식단,5,2.512708928850432,0.47496662966117154,0.238041112040753
도시락메뉴,닭가슴살도시락,5,2.512708928850432,0.47496662966117154,0.238041112040753
bento,밍키식단,11,2.135220882054867,0.47430087524464215,0.2847469734634347
닭가슴살,먹을,9,2.228973274737022,0.4739976547772797,0.26742976066597296
넣고,양파,6,2.4167205535830942,0.4731279869840052,0.24564875419154067
넣고,설탕,6,2.4167205535830942,0.4731279869840052,0.24564875419154067
식단,식단도시락,5,2.5003478320569306,0.4726300643648437,0.2331654812818587
다이어트도시락,도시락스타그램,14,2.0131404613989603,0.47249433926111284,0.29472243366103185
있는,뚜껑,5,2.49789384310129,0.472166197320753,0.2341961821270269
도시락메뉴,회사도시락,7,2.3383555426281366,0.472031455852692,0.25431999288012397
오늘의도시락,쿡스타그램,6,2.4017670039435424,0.47020048970727746,0.24241154215807123
오늘의도시락,식단도시락,6,2.4017670039435424,0.47020048970727746,0.24241154215807123
넣고,굴소스,5,2.485713424573619,0.46986378486480757,0.23339470082156272
홈쿡,모두들,5,2.4832950437150925,0.4694066486671275,0.23168981016097548
집밥,집밥레시피,10,2.154790978165115,0.4687244480181262,0.2786731537927976
요리,도시락반찬,9,2.2032913291306424,0.46853631429127596,0.2633270823204301
집밥,집밥도시락,16,1.9316474272415591,0.468035989879567,0.30651166258827606
오늘의,요리레시피,11,2.104684158217728,0.4675176918443748,0.2805205599470325
일상,먹스타그램,5,2.4689063062969496,0.46668680712953187,0.2280281481204518
남은,집밥일기,5,2.4689063062969496,0.46668680712953187,0.22838850634395216
점심,직장인,17,1.8922299992629203,0.4653204122120964,0.30376204385912875
다이어트도시락,동물복지,5,2.45942756236451,0.4648950806755363,0.22917105932292328
다이어트도시락,탄단지,5,2.45942756236451,0.4648950806755363,0.22917105932292328
집밥,홈쿡,28,1.6583540924571365,0.4648480582041451,0.33942123195106144
남편도시락,남편이,9,2.1842048632589703,0.46447752176841517,0.2628987231470554
피크닉,가을,5,2.457071848677512,0.46444979018545474,0.22655167709479046
집밥,밍키식단,13,2.011690134786785,0.46408192236196516,0.2905697659437834
먹고,운동하는여자,5,2.4523770043841493,0.4635623438341487,0.22907559633633426
먹고,맛나게,5,2.4523770043841493,0.4635623438341487,0.22907559633633426
집밥,남편도시락,36,1.5336172978866047,0.4624616639454381,0.3542497943595229
넣어,먹어도,6,2.36176166940144,0.46236853604078343,0.23538364824934005
bento,tsuyakomama,5,2.445375808941244,0.4622389377822439,0.2310155953030072
bento,tomochu15,5,2.445375808941244,0.4622389377822439,0.2310155953030072
있어서,완전,7,2.28885489892604,0.462039022928619,0.24371192298656766
넣어,가득,8,2.2245605484538187,0.4615001257155442,0.2510550996592834
lunchbox,lunch,16,1.8991381486899501,0.46015902840482154,0.2964380716693883
오늘의도시락,간단하게,9,2.160604947940935,0.4594589310834232,0.2573350632394431
오늘의도시락,직장인점심도시락,9,2.160604947940935,0.4594589310834232,0.2573350632394431
오늘의도시락,다들,12,2.0270735556175947,0.45915239629347315,0.2743392888983122
다이어트식단,다이어트레시피,5,2.422386290768557,0.4578933274178111,0.2219182898481956
lunchbox,아침밥,5,2.422386290768557,0.4578933274178111,0.22812312119365968
lunchbox,mealprep,5,2.422386290768557,0.4578933274178111,0.22812312119365968
있어서,따로,6,2.3353749142739253,0.4572027288819825,0.23165033008348854
밥,위에,8,2.1734420945819513,0.45089525685519866,0.24381140720170477
반찬,집밥메뉴,8,2.1635246579353598,0.44883781757247876,0.24268596806481466
남편도시락,먹방,6,2.289565378319129,0.44823447084369583,0.22843693082032895
집밥,식단공유,10,2.0594807984385817,0.447991944570915,0.26235389065577486
먹을,따뜻하게,5,2.3671236122137502,0.44744725947979735,0.21512666465572436
먹을,그대로,5,2.3671236122137502,0.44744725947979735,0.21512666465572436
닭가슴살,그대로,5,2.3671236122137502,0.44744725947979735,0.21512666465572436
집밥,저당파로밥,8,2.154790977975988,0.4470259566177338,0.24899941157278138
집밥,주세요지니벤또,8,2.154790977975988,0.4470259566177338,0.24899941157278138
홈쿡,도시락싸기,10,2.0414622929497948,0.4440724395586307,0.25186592461755714
김밥,없이,7,2.194061381620773,0.44290355735749715,0.23067583377533843
넣고,계란,10,2.0337283023559443,0.4423900905471424,0.2515613885671128
bento,instafood,8,2.1269220789965937,0.4412443651067796,0.24106435881875463
바로,완전,5,2.327076111167551,0.43987725151752705,0.20974695407685098
제가,따로,5,2.322952393992056,0.43909776288435026,0.2093315600344512
먹고,탄단지,5,2.3188456120477015,0.4383214754455358,0.21150444265481477
오늘의도시락,집밥레시피,5,2.314755626804407,0.43754836301533473,0.20984464590584784
도시락을,귀여운,5,2.314755626804407,0.43754836301533473,0.20984464590584784
오늘의도시락,역시,5,2.314755626804407,0.43754836301533473,0.20984464590584784
점심,단백질식단,5,2.310682301424935,0.4367783997279888,0.2126529733289536
점심,신혼,5,2.310682301424935,0.4367783997279888,0.2126529733289536
같이,닭가슴살,9,2.0520425667439977,0.4363728247278159,0.2398227213387356
소풍,가을,6,2.2206830713723407,0.4347491933769944,0.21645842367874696
제가,저는,6,2.217591878807369,0.43414402216120096,0.2155830823871254
집밥,요리,21,1.6729528918244434,0.43394703291417763,0.29524378261062173
반찬,한식도시락,7,2.141218900311833,0.4322365253649657,0.22360698829518308
점심,집밥레시피,7,2.1363289150235234,0.43124940991880706,0.22623084402390076
점심,점메추,7,2.1363289150235234,0.43124940991880706,0.22623084402390076
남은,한식도시락,5,2.2747502922694647,0.4299863256084703,0.2034628291484384
맛있는,많은,5,2.2747502922694647,0.4299863256084703,0.2034628291484384
좋은,따로,5,2.2514934301495546,0.42559018036030505,0.20056697498898077
좋은,음식,5,2.2514934301495546,0.42559018036030505,0.20056697498898077
먹을,바로,6,2.16645291739189,0.42413240793667434,0.20901182960877399
이제,가을,5,2.241960469508717,0.42378820555363983,0.19949334940778854
오늘도,예쁜도시락,5,2.2400647343473543,0.4234298628383399,0.20010852184148295
넣고,알룰로스,5,2.2343989968222067,0.4223588926889659,0.20069698068886435
집밥,신혼,6,2.1547909776607765,0.421849318126754,0.21542100329442274
남은,직장인점심,6,2.154790977660776,0.4218493181267539,0.20748030313374793
홈쿡,koreanfood,6,2.154790977660776,0.4218493181267539,0.20836916353308704
남편도시락,단백질도시락,5,2.225026857010631,0.42058731715631803,0.20029232499051502
먹고,싶어서,5,2.201062576615376,0.41605745165502545,0.19678830550787782
좋은,건강식,5,2.197426208978499,0.4153700846222324,0.1940415502683087
한식,음식,5,2.1848020557725065,0.4129837948965379,0.19261573687323041
이제,없이,5,2.1848020557725065,0.4129837948965379,0.19261573687323041
닭가슴살,따로,5,2.1848020557725065,0.4129837948965379,0.19261573687323041
먹을,따로,5,2.1848020557725065,0.4129837948965379,0.19261573687323041
반찬,한식,10,1.897119984323748,0.4126741417088699,0.22949934019034546
집밥,직장인점심,15,1.7273469637887695,0.4120901135363421,0.25806520371818253
오늘의도시락,10월,11,1.8504500199995868,0.41104415541198186,0.23377728416124988
bento,lover,15,1.7194388073454459,0.4102034786245903,0.2535140599708996
오늘의,단백질식단,5,2.1635246573623497,0.4089618192133243,0.19552055143035207
오늘의,신혼,5,2.1635246573623497,0.4089618192133243,0.19552055143035207
남은,집밥요리,5,2.1635246573623492,0.4089618192133242,0.19005667900192655
남은,집밥메뉴,5,2.1635246573623492,0.4089618192133242,0.19005667900192655
레시피,다이어트식단,5,2.1600220268171837,0.4082997319313935,0.18953707500155012
레시피,바로,5,2.1600220268171837,0.4082997319313935,0.18953707500155012
집밥,반찬,25,1.50246579274334,0.40818476765846373,0.2852014287734756
식단,먹스타그램,6,2.0848323891502294,0.4081533340771445,0.1988628819209331
식단,다이어트레시피,6,2.0848323891502294,0.4081533340771445,0.1988628819209331
집밥,100g당,5,2.154790977408607,0.40731092901886545,0.19655192533835295
bento,oben365,12,1.7947882444753775,0.40653745445322537,0.23819637061000934
요리,자취요리,5,2.1495871495424628,0.40632727167816013,0.1885920544715619
10월,다들,8,1.95808068392094,0.40621707618557645,0.21248534629804874
좋은,재료,5,2.1461329146802464,0.40567433242533724,0.18798094897449033
다이어트도시락,식단도시락,5,2.1409738318789495,0.4046991330530025,0.1888752139989091
다이어트도시락,있어,5,2.1409738318789495,0.4046991330530025,0.1888752139989091
홈쿡,도시락반찬,9,1.9010104575180664,0.404255407089597,0.2178381631254447
넣고,살짝,11,1.818883554049582,0.40403223334139077,0.22936451333503816
닭가슴살,건강식,5,2.13073483459505,0.4027636991572553,0.1862537584105385
오늘의,예쁜도시락,8,1.9403811068369536,0.40254517925516964,0.21468004871290566
있는,그대로,6,2.0516067415653674,0.40164865825322316,0.19558855441075418
있는,먹을,10,1.836495362546215,0.39948667124564224,0.22054211407481877
남은,집밥도시락,5,2.1122313630611202,0.3992660670158665,0.18407304456312334
좋은,위에,5,2.097342750591608,0.39645173623374486,0.18232980960236708
먹고,다이어터,5,2.0957020611367967,0.3961416037183051,0.18420175135323025
먹고,밀프랩,5,2.0957020611367967,0.3961416037183051,0.18420175135323025
오늘의도시락,아침,8,1.9092905197933474,0.39609522677391795,0.2063238865404509
한식,먹스타그램,5,2.079441540291036,0.3930679469592711,0.1803429039067321
남편도시락,남편,9,1.8477326269175198,0.39292572133584575,0.21156706371529335
다들,닭가슴살,7,1.9459101482050276,0.3928105813983219,0.19674775073518588
반찬,밑반찬,5,2.0730106499709198,0.391852343247279,0.18055920573087747
반찬,썰어,5,2.0730106499709198,0.391852343247279,0.18055920573087747
살짝,위에,5,2.0634411989697887,0.39004347082376506,0.17849270478048013
있는,저녁,6,1.9870682205081933,0.38901377562046136,0.18761182804606166
다이어트도시락,식사기록,5,2.0539624550299806,0.3882517443683767,0.17873569504201264
오늘의도시락,간식,5,2.0523913628003685,0.38795476751896213,0.1782659209292061
오늘의도시락,단무지,5,2.0523913628003685,0.38795476751896213,0.1782659209292061
오늘의,도시락싸기,14,1.652699034825295,0.3878968971268921,0.23411370993992983
소풍도시락,가을소풍,5,2.04146229228497,0.3858888920295942,0.17681679194617597
요리,건강식,5,2.0383615146114527,0.38530276527849733,0.17580236254116802
집밥,신혼부부,7,1.9034765498316444,0.3842447355070062,0.19781866173377163
집밥,무생채,7,1.9034765498316444,0.3842447355070062,0.19781866173377163
집밥,먹방,7,1.9034765498316444,0.3842447355070062,0.19781866173377163
집밥,먹스타,7,1.9034765498316444,0.3842447355070062,0.19781866173377163
식단,샐러드,7,1.9025108327126035,0.3840497913039829,0.19130239456143916
점심,단백질도시락,5,2.023000229473187,0.3823990872019744,0.17758328996030032
오늘의도시락,도시락스타그램,10,1.75513984020428,0.3817896775746265,0.20856177194118247
요리,한식,7,1.885285526446946,0.38057260990626085,0.18908215395140723
오늘의,Todays,5,2.0093739777817237,0.37982337508247715,0.177189510652775
남편도시락,점메추,5,2.0018833060636094,0.37840744542226035,0.17389747680199744
남편도시락,집밥레시피,5,2.0018833060636094,0.37840744542226035,0.17389747680199744
먹고,식단일기,5,2.000391881479128,0.37812552780731035,0.1732548664047724
다들,간단하게,5,1.9989026779298429,0.37784403002515105,0.17132664432060146
소풍도시락,소풍,10,1.736080643599672,0.37764379451743507,0.20574907351079225
제가,하루,5,1.9944483275869709,0.37700204321745023,0.170734798416745
소풍도시락,주먹밥,6,1.9184021998967944,0.37557084112068806,0.17903378441854462
bento,100g,5,1.9753721805537041,0.37339616067400067,0.17249454954090077
집밥,간단레시피,5,1.9724694208998885,0.3728474644228515,0.17480951806673983
집밥,단백질식단,5,1.9724694208998885,0.3728474644228515,0.17480951806673983
집밥,오늘의메뉴,5,1.9724694208998885,0.3728474644228515,0.17480951806673983
집밥,다이어트요리,5,1.9724694208998885,0.3728474644228515,0.17480951806673983
집밥,안주,5,1.9724694208998885,0.3728474644228515,0.17480951806673983
오늘의,식단기록,8,1.7862304271330116,0.37056557855967404,0.1933958274900957
bento,lunch,12,1.6344455944739027,0.37021824355325766,0.21266562820268933
도시락스타그램,먹스타그램,5,1.9580806834681628,0.37012762288268836,0.16694425474458016
점심,식단도시락,6,1.8868680555246575,0.3693973155031185,0.17796430770638397
lunchbox,100g,5,1.9523826623615126,0.36905055030588096,0.17007227660594143
lunchbox,배추김치,5,1.9523826623615126,0.36905055030588096,0.17007227660594143
반찬,건강식,6,1.8758425855249123,0.36723882911179867,0.17413685635630208
있는,소스,6,1.8692851849858054,0.36595506888874946,0.17354718772233513
집밥,100g,6,1.8671089055655405,0.3655290127194923,0.17858680715995381
살짝,저는,5,1.9299098065405167,0.364802602417606,0.16374739274684788
집밥,예쁜도시락,8,1.7493258702243686,0.36290947872249363,0.19036476505577282
남편도시락,도시락메뉴,19,1.434776847502375,0.36274937553066555,0.2316901976603469
밥,먹어도,5,1.914747558821406,0.3619365475337526,0.1626086269169108
반찬,좋은,8,1.7406678074874014,0.36111330507177386,0.18396047924843353
남편도시락,식단도시락,5,1.9065731263928072,0.36039136950878303,0.1632984142513853
밥,계란,6,1.839240006586146,0.3600730422085318,0.16963923438041847
다이어트도시락,먹으면,5,1.899811775423761,0.3591133002326916,0.16158550476308442
요리,다이어트식단,5,1.8917580406273025,0.35759093716527146,0.15976032741360743
반찬,집밥도시락,6,1.8245492911913126,0.35719700071014365,0.16819761392476812
오늘의,저당파로밥,5,1.8758425853421754,0.35458250667437563,0.16216186240437153
오늘의,단백질도시락,5,1.8758425853421754,0.35458250667437563,0.16216186240437153
오늘의,도시락과,5,1.8758425853421754,0.35458250667437563,0.16216186240437153
있는,하는,5,1.8692851848044791,0.3533429892766511,0.1581827618571648
넣고,썰어,5,1.8666742172671131,0.3528494492421733,0.15841452981132192
다들,저는,5,1.8653712854883677,0.35260316161668526,0.1569160505613855
도시락메뉴,도시락기록,13,1.52231022679868,0.35118562459863567,0.2027458519271679
있어서,먹을,6,1.7917594684013884,0.3507776474973124,0.16395645894598826
오늘의,직장인점심도시락,10,1.6039088705608895,0.34889291241845066,0.19011745167612187
먹고,주말에,5,1.8333377970415872,0.34654800820469883,0.15499608207795768
다이어트도시락,밍키식단,5,1.8308189040252247,0.34607187262340566,0.15422378710760679
다이어트도시락,그대로,5,1.8308189040252247,0.34607187262340566,0.15422378710760679
있는,재료,6,1.7639246694351756,0.34532835283911806,0.16147118700436672
집밥,2개,5,1.8183187412763702,0.3437090202838966,0.15756333915523513
집밥,화이팅도시락,5,1.8183187412763702,0.3437090202838966,0.15756333915523513
집밥,저녁메뉴,5,1.8183187412763702,0.3437090202838966,0.15756333915523513
오늘의,듬뿍,8,1.6526990346009762,0.34286358839207065,0.17588201437568818
살짝,제가,5,1.812126771035995,0.3425385786134486,0.15134023171759553
집밥,모두들,6,1.7493258700280052,0.342470305984815,0.1646089625562625
있는,매일,5,1.8047466637473053,0.3411435484747805,0.15137527558856687
밥,하나,5,1.8035219238528857,0.3409120411269994,0.15083925497915887
밥,먹는,5,1.8035219238528857,0.3409120411269994,0.15083925497915887
집밥,오늘의도시락,21,1.3074931184070229,0.3391504698435784,0.2226154285699265
점심,점심메뉴,8,1.6280064220263952,0.3377409389702175,0.17172110401409305
넣고,소스,6,1.7235733739497632,0.3374286694533395,0.15740781861764522
lunchbox,오늘의도시락,17,1.3637793385823933,0.3353685145266129,0.20703010046902345
집밥,다들,15,1.397105277022831,0.3333049377455387,0.2012142342045797
오늘의,모두들,5,1.758059549829661,0.3323184828687074,0.14950548412933626
집밥,요리레시피,8,1.5951751904989802,0.3309298780225488,0.17023428284125053
있어서,제가,5,1.7475882499743545,0.33033913781073376,0.14477841025686403
반찬,있어요,5,1.7475882499743545,0.33033913781073376,0.14532408631815114
반찬,따로,5,1.7475882499743545,0.33033913781073376,0.14532408631815114
반찬,음식,5,1.7475882499743545,0.33033913781073376,0.14532408631815114
남편도시락,해서,5,1.739519041935061,0.32881384990235213,0.14559478544925047
남편도시락,간식,5,1.739519041935061,0.32881384990235213,0.14559478544925047
있는,밥,10,1.5092824515115006,0.3283091451360085,0.17460781530645833
반찬,요리,8,1.581603112961676,0.3281142587785411,0.1640919876198642
lunchbox,역시,5,1.7292391113268666,0.32687067855526,0.1459751290567437
있는,다이어트식단,6,1.668614489718557,0.3266692185004168,0.15092807171172556
도시락메뉴,넣어,10,1.501108019075596,0.32653098828914645,0.1740698296987208
요리,레시피,5,1.7247039561665352,0.32601341755826957,0.14250717308982047
오늘의,식사기록,6,1.6526990344265062,0.32355340632548507,0.15200712101331698
오늘의,단백질,6,1.6526990344265062,0.32355340632548507,0.15200712101331698
오늘도,가득,6,1.6491964038783222,0.3228676867713753,0.14854523148560247
이제,좋은,5,1.7078779843511323,0.32283287601914584,0.14079210631496641
살짝,남은,5,1.7067662554996579,0.32262273066581065,0.14067914067914067
오늘의,오늘은,14,1.3739856324462618,0.32248143932580836,0.18903568958612718
집밥,역시,6,1.6439653544652577,0.32184358993281126,0.15258705638688871
먹고,집밥요리,6,1.6361697324894464,0.32031741971539185,0.14792257230109282
먹고,집에,6,1.6361697324894464,0.32031741971539185,0.14792257230109282
다이어트도시락,다들,8,1.543136832156634,0.3201341687604587,0.1595891101164354
반찬,집밥요리,5,1.6935210287640243,0.32011904206523717,0.1398623005020458
밥,제가,6,1.6344455941327694,0.31997988043772607,0.14693095389528388
있는,따로,5,1.6869636282249174,0.318879524667246,0.13934798028877207
집밥,배추김치,5,1.6847873488046525,0.3184681518697143,0.14338050495354002
집밥,건강식단,5,1.6847873488046525,0.3184681518697143,0.14338050495354002
집밥,단백질도시락,5,1.6847873488046525,0.3184681518697143,0.14338050495354002
집밥,잘라,5,1.6847873488046525,0.3184681518697143,0.14338050495354002
집밥,도시락메뉴,25,1.1689741843108197,0.3175829081275895,0.2162280942113059
도시락을,저는,6,1.6216084473828998,0.31746671713823776,0.14576965711792803
같이,피크닉,5,1.679367281341095,0.3174436196821043,0.13805678319635087
오늘의,오늘의도시락,17,1.2872392614768748,0.3165464578826749,0.19456655224353137
남편도시락,양배추,5,1.66541106986204,0.31480553667418587,0.13807032696532653
김밥,모두,5,1.656918449825258,0.3132002130055552,0.13602314958110262
오늘의,점메추,5,1.6526990342869299,0.3124026349198608,0.13862150338211196
오늘의,집밥레시피,5,1.6526990342869299,0.3124026349198608,0.13862150338211196
오늘의도시락,도시락기록,9,1.4674577678591547,0.3120591656856028,0.15999868115002525
다이어트도시락,따로,5,1.648497347437573,0.31160840801247136,0.13562023201925552
넣어,좋은,5,1.645357627436139,0.3110149201595655,0.13465025309508932
집밥,오늘의,32,1.0666499900617339,0.3106155982987376,0.2245707162604371
먹고,집밥도시락,6,1.5848764381443492,0.31027559131148597,0.14241536512960548
같이,넣어,6,1.5840571017616074,0.31011518758882356,0.14147644119155683
남편도시락,한식,9,1.4582678603814112,0.31010490511126526,0.159442156265369
집밥,간식,7,1.5357517699988767,0.31001408066720215,0.15209154407376363
있는,집에,5,1.632896407011061,0.3086594289210829,0.13398883387660881
넣고,간단하게,6,1.5694226942548781,0.30725016963956303,0.1406731944764653
오늘의,좋아요,7,1.519167641994168,0.3066663305310908,0.14868828646722768
10월,샐러드,5,1.6216084472486085,0.3065257141312143,0.13236572672470281
bento,다들,11,1.3775351807626097,0.30599463849717223,0.16678854827819345
점심,단백질,5,1.6175351218650549,0.30575575084309686,0.13421933801713345
넣어,살짝,5,1.6114560757947336,0.3046066547458834,0.13136391098963104
넣어,남은,5,1.6114560757947336,0.3046066547458834,0.13136391098963104
있어서,닭가슴살,5,1.6094379116405004,0.3042251698013149,0.1311651671567906
집밥,식단도시락,6,1.5486551747387243,0.3031844555921689,0.14207425597962065
집밥,양념,6,1.5486551747387243,0.3031844555921689,0.14207425597962065
넣고,먹어도,5,1.5984102309743171,0.3021406544565977,0.13100034941189886
남편도시락,아침에,5,1.596418198445029,0.3017641090614077,0.13123368042996392
오늘도,도시락반찬,6,1.539997112002316,0.30148944299024244,0.1370035602333424
다이어트도시락,건강식,5,1.5944301262215874,0.3013883122659058,0.13032353835705207
lunchbox,다들,11,1.3545456625460377,0.30088793094142785,0.16376999754043864
도시락스타그램,도시락반찬,5,1.5865171274719643,0.29989255193192194,0.12898668279670958
김밥,남은,6,1.529085078559703,0.2993531643837022,0.13584910195157357
있는,닭가슴살,7,1.4798204186499968,0.2987235148299185,0.14183563470239274
다들,있어서,5,1.5776892133569203,0.29822384905670307,0.128125
다이어트도시락,맛있는,7,1.474143960648715,0.2975776383002013,0.14127309915800265
오늘도,맛있게,8,1.4337748989567667,0.29744629633760494,0.146496286078588
도시락을,위에,5,1.5728182831269935,0.29730311793338854,0.1280648352442399
집밥,한식,13,1.2857531316982862,0.29661366565517316,0.17023032638131205
넣고,김밥,10,1.3635706403909515,0.29661294400592964,0.15577533960275902
집밥,중에,5,1.5670043132671172,0.29620412805931645,0.13139926337875335
집밥,알룰로스,5,1.5670043132671172,0.29620412805931645,0.13139926337875335
집밥,냉털,5,1.5670043132671172,0.29620412805931645,0.13139926337875335
집밥,청양고추,5,1.5670043132671172,0.29620412805931645,0.13139926337875335
오늘의,식단도시락,5,1.5573888545767738,0.2943865589989446,0.12910495063360872
오늘의,식단공유,5,1.5573888545767738,0.2943865589989446,0.12910495063360872
밥,먹을,6,1.49629525576132,0.2929338111692149,0.1324762687396115
김밥,이제,6,1.49629525576132,0.2929338111692149,0.1324762687396115
있는,있어서,7,1.4480717203548676,0.2923145731593827,0.1383463039073488
도시락메뉴,도시락반찬,8,1.4071761992048024,0.29192821624401816,0.1440535175373484
넣고,넣어,8,1.4051196432110833,0.2915015697990373,0.1434898600018678
넣고,미리,5,1.5412518171888752,0.2913362437901898,0.12547559856269552
다이어트도시락,먹을,7,1.4413541378456889,0.2909585303362052,0.137671654774046
점심,간식,5,1.5374924142684465,0.29062561992359204,0.12635874469504696
김밥,피크닉,5,1.5290850784402017,0.2890364171644018,0.12369166847611165
있는,넣어,7,1.417300061706386,0.28610286131058504,0.1349963817710231
도시락메뉴,남은,8,1.3732746475460031,0.284895110148811,0.1401216413992172
반찬,직장인점심,5,1.5024657921889704,0.2840046872534815,0.12134017106061347
오늘의,다들,11,1.2780055854494528,0.28388593088452235,0.15385671500451412
다이어트도시락,간단하게,5,1.4943466677576738,0.28246996386285905,0.12076252723233784
맛있게,레시피,5,1.4898643653221282,0.28162269339054563,0.12000926870911735
bento,단무지,5,1.4898643653221282,0.28162269339054563,0.12200595086997
점심,일상,7,1.3943915709227586,0.2814784455368272,0.13387207125915013
밥,넣어,6,1.4337748988247272,0.2806940300414071,0.12613979229309938
오늘의도시락,도시락반찬,6,1.4323664478886455,0.28041829375275507,0.12613279901793872
오늘의,밍키식단,6,1.4295554832849389,0.2798679835307216,0.12810307624484282
있는,샐러드,6,1.427452433089611,0.27945626364694504,0.12569707274181435
남편도시락,계란말이,5,1.4712550556062192,0.278105055109963,0.11921804655559383
도시락메뉴,닭가슴살,8,1.3404848247388055,0.27809263972010995,0.1363555092043201
lunchbox,단무지,5,1.4668748471174342,0.27727708302006265,0.11992777950167151
lunchbox,food,5,1.4668748471174342,0.27727708302006265,0.11992777950167151
같이,먹을,5,1.4642559019300565,0.27678203500449916,0.11752268814607363
식단,한식,5,1.4642559019300565,0.27678203500449916,0.11752268814607363
집밥,맛있어서,5,1.46164379770437,0.27628828010668627,0.1210655320354115
집밥,점메추,5,1.46164379770437,0.27628828010668627,0.1210655320354115
넣고,남은,7,1.3668984303580571,0.2759285507795343,0.12981098140401306
있는,반찬,9,1.2939210406971107,0.27515607553875565,0.13895957919002286
먹고,집밥메뉴,5,1.4538481757285586,0.27481470700259514,0.1173072600284694
오늘의도시락,맛있는,6,1.398464896236048,0.2737812943424398,0.12273538872593222
식단,다들,5,1.432507203642287,0.2707807142590954,0.11460902874690111
있는,도시락을,9,1.273301753502579,0.2707713240999838,0.13652419976907335
집밥,단무지,6,1.3816010901952376,0.27047982094985085,0.12440301191718929
집밥,덮밥,6,1.3816010901952376,0.27047982094985085,0.12440301191718929
집밥,썰어,6,1.3816010901952376,0.27047982094985085,0.12440301191718929
집밥,10월,13,1.1643922747255655,0.2686166203699831,0.15262787979122291
있는,맛있게,8,1.2861389002220909,0.266818210254019,0.12977516284521678
도시락을,하루,5,1.3984648961352284,0.26434584236571057,0.11175153014987486
도시락을,싸서,5,1.3984648961352284,0.26434584236571057,0.11175153014987486
점심,목요일,5,1.394391570750858,0.26357587907743874,0.11279459730221392
집밥,도시락반찬,11,1.1853904215286297,0.26331313971441256,0.14276982522854917
있는,식단,7,1.3028897105918535,0.26300744933550424,0.12280343250835053
도시락기록,같이,6,1.3428950451174226,0.2629022327323685,0.11712948381082104
오늘의,간식,5,1.3903347700584827,0.2628090393810692,0.11311110129259838
오늘의,메뉴는,5,1.3903347700584827,0.2628090393810692,0.11311110129259838
오늘의,콩나물무침,5,1.3903347700584827,0.2628090393810692,0.11311110129259838
점심,건강식,6,1.3403243496159476,0.262398960649066,0.11830394026935165
오늘의도시락,있어서,6,1.3339263751403163,0.26114641170212943,0.11636062717977949
먹고,식단,8,1.2573728718351678,0.260850503182108,0.1267738159131885
반찬,레시피,5,1.3798634701994874,0.2608296943223983,0.11003380076181238
오늘의,저는,8,1.2472339267086154,0.2587471104676327,0.12711830025020227
집밥,스팸,5,1.3663336179778363,0.25827220418267427,0.1120043473105821
bento,오늘의도시락,13,1.1185048702250604,0.2580307381187622,0.14469468232698154
남편도시락,아침,6,1.3087361263273694,0.2562148478542424,0.1144822745208235
집밥,오이,6,1.3074931180885325,0.25597150073453784,0.11684433387554692
집밥,다른,7,1.2674877835590768,0.2558610497172107,0.12202196615152079
집밥,자취요리,7,1.2674877835590768,0.2558610497172107,0.12202196615152079
집밥,맛있는,11,1.1514888698627839,0.25578252039422883,0.13831152329870963
오늘의,먹어도,6,1.3043923404121769,0.2553644530152953,0.1153996866186627
오늘의,자취요리,6,1.3043923404121769,0.2553644530152953,0.1153996866186627
다이어트도시락,같이,7,1.2644234297837365,0.2552424648410221,0.11882767737376936
밥,남은,5,1.346763521798815,0.2545729525433102,0.10694255773536572
lunchbox,10월,10,1.1696233240909968,0.2544242353569336,0.132507530224226
남편도시락,홈쿡,10,1.1689741841787635,0.2542830301309366,0.1316728830240229
맛있게,소풍,6,1.2926963006560706,0.2530746873502965,0.11226627638549738
김밥,소풍,6,1.2926963006560706,0.2530746873502965,0.11226627638549738
도시락기록,직장인,5,1.3375041963930492,0.2528227018356309,0.10609983598505067
도시락메뉴,맛있는,7,1.239743254939195,0.2502604085838823,0.11666557182985786
오늘의,도시락반찬,9,1.1757749627871077,0.2500319681817115,0.1265394988944084
도시락을,제가,5,1.3215038550586051,0.24979822569763024,0.1048199325537401
다이어트도시락,하루,5,1.3199932807543608,0.24951268829299822,0.10479738427933614
먹고,다이어트식단,5,1.3072447016524644,0.24710287887198948,0.10392776721098615
집밥,위에,8,1.189710082594556,0.24681340009560823,0.12174461705578354
집밥,도시락싸기,10,1.1251715615340547,0.24475479266895753,0.1284128702212475
넣고,반찬,9,1.148209229570224,0.24417003477716648,0.1220594798215514
오늘의,요리,10,1.1220707838567525,0.24408029090987832,0.1269830869516612
넣고,좋은,6,1.246649302210928,0.24405994063135739,0.10816563451409089
오늘의,살짝,9,1.1418734111233326,0.2428227045426775,0.1225616243564144
집밥,목요일,6,1.2385002466423292,0.2424645777536446,0.10994883185429886
bento,좋아요,5,1.2822250007089215,0.24237351173525482,0.10274714813379275
있는,제가,5,1.2814985204740748,0.2422361882813924,0.10132610991467854
집밥,김치,5,1.279322241053033,0.24182481548371382,0.10395147329159041
오늘의도시락,김밥,7,1.1926128422106663,0.24074644164018066,0.11139222196574666
남편도시락,밥,9,1.1310549493052158,0.2405221271476031,0.12024426357042138
먹고,직장인점심,5,1.2627929391135124,0.23870035218327984,0.09998118980007537
남편도시락,일상,5,1.2599459621035787,0.23816220028689217,0.09994652006122022
lunchbox,좋아요,5,1.2592354825004763,0.23802790136406274,0.10077725056561931
오늘의,10월,10,1.0930832469922047,0.23777472932459162,0.12344309008476745
먹고,우리,6,1.2133128819621932,0.23753357854031953,0.10503546539632741
오늘의,목요일,5,1.247233926524051,0.23575929853173208,0.1000318918766334
소풍도시락,이제,5,1.246532418253045,0.23562669542146591,0.09815208292617571
반찬,살짝,5,1.236762626663949,0.23377995347285194,0.09733922502856708
집밥,건강식,7,1.1562621485018374,0.23340851951506675,0.11021323937914533
먹고,오늘의도시락,9,1.0942535221181482,0.2326961965378317,0.1159363653367191
도시락메뉴,있는,10,1.065789947974836,0.23183770961077999,0.11924099368291426
집밥,좋아요,6,1.1739617255404127,0.22982969511212342,0.10361425028949289
먹고,밥,8,1.1070906688466677,0.229673444135454,0.11036534466634647
먹고,맛있게,8,1.1070906688466677,0.229673444135454,0.11036534466634647
다이어트도시락,샐러드,5,1.2066645955269315,0.2280906512841076,0.09483999102786593
오늘의,홈쿡,12,1.0021114688407178,0.2269882516084627,0.12372091055992232
집밥,콩나물무침,5,1.1992795334343496,0.22669468456003625,0.09671447976061497
집밥,밑반찬,5,1.1992795334343496,0.22669468456003625,0.09671447976061497
도시락메뉴,도시락싸기,6,1.154585446587537,0.2260363480316665,0.09965712979615086
있는,같이,6,1.1487390307882142,0.22489177923404366,0.09871385270841307
있는,오늘은,6,1.1487390307882142,0.22489177923404366,0.09871385270841307
오늘의,아침,7,1.1137025341018072,0.22481723543548815,0.1048231528230098
집밥,제가,9,1.0561786900468066,0.2245994726729016,0.11359325241638926
먹고,닭가슴살,6,1.1466215074994102,0.22447722591320637,0.09873035321630658
먹고,먹을,6,1.1466215074994102,0.22447722591320637,0.09873035321630658
오늘의도시락,먹을,5,1.1833535166737637,0.2236842576785735,0.09274451735638846
도시락을,먹을,5,1.1833535166737637,0.2236842576785735,0.09274451735638846
도시락을,직장인,5,1.1833535166737637,0.2236842576785735,0.09274451735638846
집밥,재료,7,1.1049688541368055,0.22305421369064357,0.10488064847185043
lunchbox,lover,8,1.0678406297646288,0.22153075816392986,0.10698007142035618
먹고,있어서,6,1.1148728092010924,0.2182616964871936,0.09576562065244293
도시락을,있어서,5,1.1516048183794283,0.21768293693192867,0.0900308502266907
도시락을,다들,5,1.1516048183794283,0.21768293693192867,0.0900308502266907
도시락메뉴,반찬,9,1.0210540541264677,0.2171301166066604,0.10778872013389013
점심,아침,6,1.10670949856603,0.21666354285616418,0.09568600174344652
반찬,넣어,5,1.1414524469217495,0.2157638775458787,0.08915168349660738
lunchbox,오랜만에,5,1.1414524469217495,0.2157638775458787,0.09039848573089898
소풍도시락,김밥,6,1.1016410639980991,0.2156712815702121,0.09430528778804015
먹고,가득,5,1.1401906171021108,0.2155253592480534,0.08933673640882851
김밥,같이,5,1.137042990961067,0.21493037693136746,0.08872196034616006
김밥,오늘은,5,1.137042990961067,0.21493037693136746,0.08872196034616006
밥,같이,5,1.137042990961067,0.21493037693136746,0.08872196034616006
집밥,일상,7,1.0561786899877477,0.21320520151318528,0.0998698371029965
넣고,요리,6,1.08758460766582,0.2129194107017496,0.09318972714912735
집밥,월요일,5,1.1251715613276447,0.2126863713255029,0.09014935939269511
오늘의,도시락을,12,0.9389325672329729,0.21267759968959465,0.1155223963644327
남편도시락,남은,6,1.0855925751355555,0.21252942504964212,0.09320950226049851
오늘의,없는,5,1.1220707836512889,0.21210024457386947,0.08900436978082239
반찬,밥,6,1.0590814496000327,0.20733926955619653,0.0904174607723831
먹고,반찬,8,0.9970897736714192,0.20685301473087606,0.09872290955357439
집밥,소스,6,1.056178689943453,0.20677098836581245,0.09231899822396558
집밥,음식,6,1.056178689943453,0.20677098836581245,0.09231899822396558
도시락을,밥,6,1.0384621624070272,0.20330257535578186,0.0885472593463502
도시락을,김밥,6,1.0384621624070272,0.20330257535578186,0.0885472593463502
넣고,밥,7,1.0068956964947333,0.20325670448473926,0.09298414216840838
다이어트도시락,있어서,5,1.0731332029852985,0.20284978285670943,0.08347738067628928
집밥,레시피,8,0.9761359823748582,0.20250600906078925,0.09827208218690978
집밥,살짝,9,0.9508181744206731,0.20219425235064165,0.10153719172210283
소풍도시락,같이,5,1.0696017102058728,0.20218223986999193,0.08308527240774538
먹고,도시락기록,7,0.997089773641121,0.20127723474363757,0.09205474247320328
넣고,우리,5,1.06432774545004,0.20118532485278945,0.08286492490834269
bento,10월,8,0.9694692910188556,0.20112295886643047,0.09642532070515612
도시락메뉴,가득,5,1.0463718619400204,0.19779120093520366,0.08156475478151771
다이어트도시락,넣어,5,1.0423615443361274,0.19703314773838418,0.08091020492075364
먹고,김밥,7,0.9735592762398594,0.19652725778642435,0.08975882821443311
도시락메뉴,소풍도시락,8,0.9458306328893539,0.1962189594198457,0.09346887601617537
남편도시락,먹고,10,0.8867417165730622,0.19288994888464084,0.09832047108185372
도시락메뉴,먹고,10,0.8867417165730622,0.19288994888464084,0.09832047108185372
먹고,오늘도,7,0.950569758023687,0.1918864854337584,0.08752645402927929
점심,바로,5,1.0113993187493142,0.1911804905663075,0.07908828618581205
도시락을,홈쿡,6,0.9710208816419539,0.19009941152258897,0.08246858375001916
집밥,있어서,9,0.8862796533009293,0.18846994798132985,0.09428324117014591
남편도시락,요리,6,0.9604294322391478,0.18802589452958662,0.08177276279642552
집밥,항상,5,0.9916401687795245,0.18744550289687847,0.07861781636751407
집밥,듬뿍,5,0.9916401687795245,0.18744550289687847,0.07861781636751407
남편도시락,반찬,8,0.9032710184838617,0.18738967967190115,0.08906911047478316
먹고,다이어트도시락,8,0.8979988710588944,0.18629593704434966,0.08846357574768621
집밥,아침,7,0.92264729741416,0.1862499261115217,0.08643699487126624
집밥,식단,10,0.8464581591393715,0.18412720186479217,0.09489616231193489
남편도시락,도시락싸기,5,0.972263889826649,0.18378288769941012,0.07540299025793162
집밥,넣어,9,0.855507994642279,0.18192626520006006,0.09085655671370665
집밥,있는,13,0.7879147035673555,0.18176605033038626,0.10106213792619294
오늘의,그래도,5,0.9595518542449131,0.18137998594383262,0.0751822418976921
집밥,좋은,8,0.8669366904439131,0.17985187766876803,0.08669446560334627
점심,10월,7,0.8835659473853542,0.17836078084918403,0.08148982989615887
도시락메뉴,밥,7,0.8797405210558016,0.17758856228503594,0.08079253231133157
넣고,오늘의도시락,7,0.8762755141251656,0.1768890996771515,0.08036295351853538
집밥,남편,6,0.9020280101841084,0.17659248853941653,0.07799505715020945
집밥,간단하게,6,0.9020280101841084,0.17659248853941653,0.07799505715020945
집밥,먹어도,5,0.9310155469945496,0.17598588974667312,0.07349689482568049
집밥,밥,11,0.791486135917611,0.17581439473767582,0.09301221503444791
집밥,맛있게,11,0.791486135917611,0.17581439473767582,0.09301221503444791
집밥,점심,19,0.692510710771666,0.17508494670653194,0.10856312771334045
소풍도시락,맛있게,5,0.9193195072372112,0.17377503733947944,0.07076456169701452
집밥,남은,8,0.8330351387780672,0.17281877157209904,0.08315002593379944
집밥,lunchbox,20,0.6731864379497675,0.1724354555707253,0.10851555520330868
오늘의,위에,5,0.9107616901001443,0.17215738974163017,0.07112911598986768
오늘의,간단하게,5,0.9107616901001443,0.17215738974163017,0.07112911598986768
넣고,도시락기록,6,0.8762755140920532,0.17155085200523684,0.07412701953717625
남편도시락,맛있는,5,0.9032710183746677,0.17074146008002167,0.06975343269113916
집밥,오늘도,11,0.7684966176974349,0.17070768718113088,0.09022462666225842
먹고,도시락을,7,0.8429390938687342,0.17015965297852217,0.07720631838806602
홈쿡,오늘도,5,0.8963299890238193,0.1694294269673523,0.068912984728344
집밥,다이어트식단,6,0.8555079945677371,0.16748513795624476,0.07376223727728182
넣고,맛있게,6,0.8527450166910943,0.1669442222269027,0.07205374302362483
오늘의,있어서,7,0.826020461757928,0.1667443782691321,0.0763029237014257
집밥,닭가슴살,8,0.8002453159642776,0.16601630114203042,0.0797424452483887
집밥,오랜만에,5,0.8738571331825652,0.16518147907524802,0.06872795076436386
집밥,따로,5,0.8738571331825652,0.16518147907524802,0.06872795076436386
lunchbox,다이어트도시락,10,0.7546794721367986,0.1641628921748836,0.08353319145520641
먹고,넣고,8,0.7907533407362509,0.16404712670707614,0.07756804333795088
다이어트도시락,오늘의도시락,6,0.8293703646365893,0.1623681027179248,0.0699629167971128
먹고,있는,7,0.8029337592679459,0.16208398784153438,0.07342080831562263
오늘의,넣어,7,0.7952488031009833,0.16053266641862607,0.07334772954949353
집밥,먹고,14,0.6829744442941472,0.16029758726558943,0.09081505892164748
남편도시락,있어서,5,0.8387324972676957,0.15854201926873798,0.06453774356316481
집밥,같이,9,0.7410976434925676,0.15759657101222535,0.07827886433957136
넣고,같이,5,0.8207056629166442,0.15513448381691133,0.06296605787705882
다이어트도시락,있는,6,0.7893650300377499,0.1545361490403232,0.0664812353141841
남편도시락,넣어,5,0.8079608386148508,0.15272538414971829,0.06207263741623862
점심,lunch,5,0.8066049062043177,0.15246907804132478,0.06227695528525799
집밥,김밥,10,0.6961759561223042,0.15143681872790624,0.07754914861678873
남편도시락,오늘의도시락,7,0.7491203386805624,0.1512209574763033,0.06841283295135349
있는,오늘도,5,0.793145752836255,0.14992495180373222,0.060704286503318966
점심,먹고,10,0.6847150887438199,0.14894377472028586,0.07554768208047524
먹고,같이,5,0.7873692426638321,0.14883304277427914,0.060339782428834046
먹고,오늘은,5,0.7873692426638321,0.14883304277427914,0.060339782428834046
점심,요리,6,0.7584028044448826,0.1484745895250624,0.06417806805107029
먹고,소풍도시락,6,0.751967315665155,0.14721469630029696,0.06328408078320825
먹고,홈쿡,6,0.751967315665155,0.14721469630029696,0.06328408078320825
점심,샐러드,5,0.7702372620493169,0.14559465769972155,0.05935934027679483
도시락메뉴,넣고,8,0.6969345855430821,0.1445837916469371,0.0681922799573308
오늘의,맛있는,6,0.7364083030702793,0.1441686658862476,0.06255119426679788
먹고,소풍,5,0.7607009955931446,0.14379205800891245,0.05822735594653435
오늘의,bento,15,0.5995491204787192,0.14303337448011544,0.08234764271115769
집밥,하루,6,0.7276746231045274,0.14245884949269216,0.06231542165571046
있는,홈쿡,5,0.7486939902844878,0.1415224251126002,0.05720068101897222
있는,소풍도시락,5,0.7486939902844878,0.1415224251126002,0.05720068101897222
점심,좋은,5,0.7351459422528261,0.13896149549667766,0.05656092105998086
오늘의,이제,6,0.7036184802584267,0.13774931266912332,0.059680556370454066
남편도시락,오늘도,6,0.7026003230352266,0.1375499852472037,0.05908281154612423
오늘의,같이,7,0.6808384519571739,0.13743725443763527,0.06248948034231467
점심,밥,7,0.677713893244997,0.1368065163095282,0.061940841620007785
도시락메뉴,다이어트도시락,7,0.6706487232616895,0.13538030784282123,0.061094886312452155
집밥,직장인,7,0.6667139233574694,0.13458601061409847,0.06164486902180403
점심,있는,8,0.6406197688648204,0.13290090219053213,0.06273165512010898
lunchbox,도시락싸기,5,0.6996196948645861,0.13224612078981848,0.05386435913405289
점심,오늘은,6,0.6738454164454382,0.1319205586051499,0.05682705075898215
도시락메뉴,같이,5,0.6935504874852226,0.13109888445830684,0.05301709759492111
남편도시락,오늘은,5,0.6935504874852226,0.13109888445830684,0.05301709759492111
있는,오늘의도시락,5,0.6855150886886376,0.12957998736657583,0.052261013475142254
도시락메뉴,홈쿡,6,0.6581485604789062,0.1288475422175447,0.05526486900832783
점심,도시락메뉴,10,0.5908963335437833,0.1285356958437299,0.06508419228945142
집밥,넣고,12,0.562160184741535,0.1273348937977813,0.06870203241425725
점심,닭가슴살,5,0.668454567780852,0.12635511001496708,0.05128450091128148
lunchbox,도시락반찬,5,0.6645283750670876,0.12561295858658414,0.051087986773876964
다이어트도시락,도시락을,5,0.6470488078757013,0.1223088707069637,0.04927641501984428
점심,있어서,5,0.6367058694783692,0.12035378926678214,0.048790426040244826
오늘의,lunchbox,14,0.5075667307745302,0.11912850180437919,0.06714048264520447
오늘의,샐러드,5,0.6230796177716798,0.1177780771444067,0.04795703000194501
남편도시락,넣고,7,0.5634031929362738,0.11373122031513791,0.051208413093742515
lunchbox,남편도시락,10,0.5202787663420423,0.1131744935078982,0.057309174530538576
집밥,저는,5,0.5861750608496327,0.11080216647717998,0.045449662695216476
점심,오늘의도시락,7,0.5470937108621068,0.11043891149925109,0.049830220972087225
점심,남편도시락,9,0.48553581789697936,0.10325060493185555,0.05049686315453596
남편도시락,김밥,5,0.5432682844912745,0.10269168192301455,0.04134080105224178
오늘의,오늘도,7,0.5075667307276762,0.10245980924632955,0.04636064906688156
오늘의,있는,8,0.49346212456073285,0.10237205396765825,0.04833492857122603
집밥,오늘은,7,0.4897832152431535,0.098869945108345,0.045044268394844295
오늘의,먹을,5,0.5212969234975389,0.09853852945857933,0.03999212540288159
집밥,도시락을,9,0.4601952580828036,0.09786186112824048,0.04823798159378614
오늘의,남편도시락,10,0.44373868923200616,0.09652498747311035,0.04891852044280308
lunchbox,요리,5,0.505463680494107,0.09554563920392221,0.038661378024902514
점심,식단,5,0.4915238596845502,0.09291065445420632,0.037508190459835375
점심,같이,5,0.4915238596845502,0.09291065445420632,0.037508190459835375
lunchbox,밥,6,0.45294564624643296,0.0886744069371262,0.03805102784510231
bento,다이어트도시락,7,0.4209940464603724,0.08498383972552623,0.03831654871169052
집밥,다이어트도시락,9,0.3817236426544883,0.08117464369895372,0.03998776458972983
점심,반찬,6,0.41356231825610096,0.08096422519303902,0.03467019542016202
집밥,bento,14,0.3395010122547299,0.07968262003551642,0.04510043684152244
오늘의,도시락기록,6,0.39993606654771935,0.0782965766594237,0.03364763397495711
도시락메뉴,오늘의도시락,5,0.41264810211603536,0.07800110711104125,0.03133797346610757
점심,도시락을,6,0.3929430310584675,0.07692753099171834,0.03293631146958875
오늘의,김밥,6,0.3764055691432608,0.07368994688040442,0.03166058679471394
오늘의,맛있게,6,0.3764055691432608,0.07368994688040442,0.03166058679471394
점심,김밥,5,0.34124165668046985,0.06450345191699879,0.025986883230863417
점심,맛있게,5,0.34124165668046985,0.06450345191699879,0.025986883230863417
집밥,먹을,5,0.3302416867929422,0.0624241746223367,0.02544971656863469
오늘의,넣고,7,0.21421892080007116,0.043243239624202304,0.019550403497312494
점심,넣고,6,0.20722588530488537,0.04056917785546847,0.017381639599959777
오늘의,밥,5,0.194084012382373,0.036686871357816536,0.014838250372455649
오늘의,먹고,7,0.18088250053823568,0.03651379292448209,0.016516660673894994
오늘의,점심,8,0.01856851009759088,0.003852162958812106,0.0018309108961518958
